title,category,price,description,images,url
Seat Ibiza 1.9TDI | 1.8Fr | 1.8Cupra 6L – Lowering Springs – Front 45mm – Rear 45mm,Lowering Springs,179.99,SEAT IBIZA 1.9TDI/1.8FR/1.8CUPRA - 6L - 04/2002 to 02/2008,https://www.gravityperformance.co.uk/wp-content/uploads/2022/10/Grav_Spring.jpg,https://www.gravityperformance.co.uk/lowering-springs/seat-ibiza-1-9tdi-1-8fr-1-8cupra-6l-lowering-springs-front-45mm-rear-45mm/
Toyota MR2 1.6 16V W1 – Lowering Springs – Front 35mm – Rear 35mm,Lowering Springs,179.99,TOYOTA MR2 1.6 16V - W1 - 11/1984 to 06/1990,https://www.gravityperformance.co.uk/wp-content/uploads/2022/10/Grav_Spring.jpg,https://www.gravityperformance.co.uk/lowering-springs/toyota-mr2-1-6-16v-w1-lowering-springs-front-35mm-rear-35mm/
Audi TT Quattro Coupe + Roadster 3.2 – Lowering Springs – Front 30mm – Rear 25mm,Lowering Springs,199.99,Audi TT Quattro Coupe + Roadster 3.2 - 10/2006+,https://www.gravityperformance.co.uk/wp-content/uploads/2022/10/Grav_Spring.jpg,https://www.gravityperformance.co.uk/lowering-springs/audi-tt-quattro-coupe-roadster-3-2-lowering-springs-front-30mm-rear-25mm/
Toyota GR Yaris 1.6 2020+ – Direnza Lowering Springs – Front: 30 / Rear: 30,Lowering Springs,209.99,"A set of Front 30mm, Rear 30mm Gravity Performance Lowering Springs for the Toyota GR Yaris 1.6 2020+​ is one of the easiest ways to significantly improve the looks and handling characteristics of your car. A simple, but hugely effective modification. Lowering your vehicles ride height reduces weight transfer under hard acceleration and braking, whilst also reducing body roll and drastically improving your cars visual appeal. Better still, Direnza Performance Lowering Springs feature progressive rates, so you won't be forfeiting comfort in pursuit of performance. Direnza Performance Springs offer: Lower Centre of Gravity | Improved looks | Progressive Spring Rates | Corrosion Resistant Red Coating | Excellent Value for Money | 5-Year Warranty.","https://www.gravityperformance.co.uk/wp-content/uploads/2026/03/1-black-scaled.jpg, https://www.gravityperformance.co.uk/wp-content/uploads/2026/03/2-black-scaled.jpg, https://www.gravityperformance.co.uk/wp-content/uploads/2026/03/3-black-scaled.jpg, https://www.gravityperformance.co.uk/wp-content/uploads/2026/03/4-black-scaled.jpg",https://www.gravityperformance.co.uk/lowering-springs/toyota-gr-yaris-1-6-gen-1-2020-direnza-lowering-springs-front-30-rear-30/
VW Golf VII GTI/GTD Hatchback Au 04/2013- – Lowering Springs – Front: 25 / Rear: 25,Lowering Springs,169.99,GOLF VII GTI/GTD HATCHBACK AU 04/2013-,https://www.gravityperformance.co.uk/wp-content/uploads/2022/10/Grav_Spring.jpg,https://www.gravityperformance.co.uk/lowering-springs/vw-golf-vii-gti-gtd-hatchback-au-04-2013-lowering-springs-front-25-rear-25/
BMW 3 Series Touring 6Cyl E30 – 40mm Lowering Springs,Lowering Springs,179.99,BMW 3 Touring 6CYL - E30 - 1988 to 04/1995,https://www.gravityperformance.co.uk/wp-content/uploads/2022/10/Grav_Spring.jpg,https://www.gravityperformance.co.uk/lowering-springs/bmw-3-touring-6cyl-e30-lowering-springs-front-40mm-rear-40mm/
BMW 5 Series Sedan 535I | 540I E34 – Lowering Springs – Front 50mm – Rear 35mm,Lowering Springs,199.99,BMW 5H SEDAN 535i/540i - E34 - 01/1988 to 12/1995,https://www.gravityperformance.co.uk/wp-content/uploads/2022/10/Grav_Spring.jpg,https://www.gravityperformance.co.uk/lowering-springs/bmw-5-series-sedan-535i-540i-e34-lowering-springs-front-50mm-rear-35mm/
Alfa GT 3.2 V6 | 1.9Jtd 937 – 30mm Lowering Springs,Lowering Springs,199.99,Alfa GT 3.2 V6/1.9jTD - 937 - 2004 to 01/2011,https://www.gravityperformance.co.uk/wp-content/uploads/2022/10/Grav_Spring.jpg,https://www.gravityperformance.co.uk/lowering-springs/alfa-gt-3-2-v6-1-9jtd-937-lowering-springs-front-30mm-rear-30mm/
VW Passat 2.0TDI 3C – Lowering Springs – Front 30mm – Rear 30mm,Lowering Springs,179.99,VW PASSAT 2.0TDI - 3C - 2005 to 11/2010,https://www.gravityperformance.co.uk/wp-content/uploads/2022/10/Grav_Spring.jpg,https://www.gravityperformance.co.uk/lowering-springs/vw-passat-2-0tdi-3c-lowering-springs-front-30mm-rear-30mm/
BMW Z4 Roadster 2.0 E85 – Lowering Springs – Front 30mm – Rear 30mm,Lowering Springs,179.99,BMW Z4 ROADSTER 2.0 - Z85 - 2005 to 04/2009,"https://www.gravityperformance.co.uk/wp-content/uploads/2022/10/Grav_Spring.jpg, https://www.gravityperformance.co.uk/wp-content/uploads/2022/10/products-httpsi.ebayimg.comimagesgvboaaoswozpa30z4s-l1600.jpg",https://www.gravityperformance.co.uk/lowering-springs/bmw-z4-roadster-2-0-e85-lowering-springs-front-30mm-rear-30mm/
Skoda Fabia + Station 1.4TDI | 1.9TDI 5J – Lowering Springs – Front 40mm – Rear 35mm,Lowering Springs,169.99,SKODA FABIA + STATION 1.4TDI/1.9TDI - 5j - 2007 to 04/2010,https://www.gravityperformance.co.uk/wp-content/uploads/2022/10/Grav_Spring.jpg,https://www.gravityperformance.co.uk/lowering-springs/skoda-fabia-station-1-4tdi-1-9tdi-5j-lowering-springs-front-40mm-rear-35mm/
VW Polo 1.0(70PK) | 1.2 | 1.4 | 1.2Ts Manual Gear 6R – Lowering Springs – Front 35mm – Rear 40mm,Lowering Springs,159.99,VW POLO 1.0(70PK)/1.2/1.4/1.2TS MANUAL GEAR - 6R - 06/2009+,https://www.gravityperformance.co.uk/wp-content/uploads/2022/10/Grav_Spring.jpg,https://www.gravityperformance.co.uk/lowering-springs/vw-polo-1-0-70pk-1-2-1-4-1-2ts-manual-gear-6r-lowering-springs-front-35mm-rear-40mm/
BMW 4 Series X-Drive 435I/440I/430D/435D Coupe F32 2013+ – Lowering Springs – Front: 30 / Rear: 25,Lowering Springs,179.99,BMW 4 SERIES X-DRIVE 435i/440i/430D/435D COUPE F32 07/2013-,https://www.gravityperformance.co.uk/wp-content/uploads/2022/10/Grav_Spring.jpg,https://www.gravityperformance.co.uk/lowering-springs/bmw-4-series-x-drive-435i-440i-430d-435d-coupe-f32-2013-lowering-springs-front-30-rear-25/
Mini Cooper S R53 – Lowering Springs – Front 40mm – Rear 40mm,Lowering Springs,169.99,MINI COOPER S - R53 - 03/2002 to 09/2006,https://www.gravityperformance.co.uk/wp-content/uploads/2022/10/Grav_Spring.jpg,https://www.gravityperformance.co.uk/lowering-springs/mini-cooper-s-r53-lowering-springs-front-40mm-rear-40mm/
Volvo V40 T2 | T3 | T4 | D2 M – Lowering Springs – Front 25mm – Rear 35mm,Lowering Springs,179.99,VOLVO V40 T2/T3/T4/D2 - M - 07/2012+,https://www.gravityperformance.co.uk/wp-content/uploads/2022/10/Grav_Spring.jpg,https://www.gravityperformance.co.uk/lowering-springs/volvo-v40-t2-t3-t4-d2-m-lowering-springs-front-25mm-rear-35mm/
Audi A3 1.4 TFSI | 1.8 TFSI | 2.0 FSI | 1.6 TDI | 1.9 TDI + Sportback 8P – 45mm Lowering Springs,Lowering Springs,179.99,Audi A3 1.4TFSI/1.8TFSI/2.0FSI/1.6TDI/1.9TDI + SPORTBACK - 8P - 2003 to 09/2012,https://www.gravityperformance.co.uk/wp-content/uploads/2022/10/Grav_Spring.jpg,https://www.gravityperformance.co.uk/lowering-springs/audi-a3-1-4tfsi-1-8tfsi-2-0fsi-1-6tdi-1-9tdi-sportback-8p-lowering-springs-front-45mm-rear-45mm/
BMW 5 Series Touring 520I | 523I | 525I | 530I E61 – Lowering Springs – Front 30mm,Lowering Springs,139.99,BMW 5 TOURING 520i/523i/525i/530i - E61 - 06/2004 to 05/2010,https://www.gravityperformance.co.uk/wp-content/uploads/2022/10/Grav_Spring.jpg,https://www.gravityperformance.co.uk/lowering-springs/bmw-5-series-touring-520i-523i-525i-530i-e61-lowering-springs-front-30mm/
BMW 3 Touring 316I | 318I | 320I E91 – Lowering Springs – Front 30mm – Rear 20mm,Lowering Springs,179.99,BMW 3 TOURING 316i/318i/320i - E90/E91 - 09/2005 to 10/2012,https://www.gravityperformance.co.uk/wp-content/uploads/2022/10/Grav_Spring.jpg,https://www.gravityperformance.co.uk/lowering-springs/bmw-3-touring-316i-318i-320i-e91-lowering-springs-front-30mm-rear-20mm/
Mercedes 190E-2.5 16V | 190D-2.5 Turbo W201 – Lowering Springs – Front 40mm – Rear 40mm,Lowering Springs,229.99,190E-2.5 16V/190D-2.5 TURBO - W201 - 12/1982 to 05/1993,https://www.gravityperformance.co.uk/wp-content/uploads/2022/10/Grav_Spring.jpg,https://www.gravityperformance.co.uk/lowering-springs/190e-2-5-16v-190d-2-5-turbo-w201-lowering-springs-front-40mm-rear-40mm/
Seat Ibiza 1.0 65PK/75PK/1.0MPI 80PK Hatchback Kj 2017+ – Lowering Springs – Front: 30 / Rear: 30,Lowering Springs,119.99,SEAT IBIZA 1.0 65PK/75PK/1.0MPi 80PK HATCHBACK Kj 01/2017-,https://www.gravityperformance.co.uk/wp-content/uploads/2022/10/Grav_Spring.jpg,https://www.gravityperformance.co.uk/lowering-springs/seat-ibiza-1-0-65pk-75pk-1-0mpi-80pk-hatchback-kj-2017-lowering-springs-front-30-rear-30/
Vauxhall Astra 3+5Dr. (Ids) + GTC 2.0T | 1.7CDTI | 1.9CDTI H – Lowering Springs – Front 30mm – Rear 30mm,Lowering Springs,179.99,OPEL/ VAUXHALL ASTRA 3+5DR. (IDS) + GTC 2.0T/1.7CDTi/1.9CDTi - H - 2004 to 10/2009,https://www.gravityperformance.co.uk/wp-content/uploads/2022/10/Grav_Spring.jpg,https://www.gravityperformance.co.uk/lowering-springs/opel-astra-3-5dr-ids-gtc-2-0t-1-7cdti-1-9cdti-h-lowering-springs-front-30mm-rear-30mm/
VW Golf IV 1.8 | 2.0 | 1.9SDi | 1.9TDI 90 | 100 | 110 | 130 No Aut. 1J – Lowering Springs – Front 30mm – Rear 30mm,Lowering Springs,199.99,VW GOLF IV 1.8/2.0/1.9SDi/1.9TDI 90/100/110/130 no aut. - 1j - 10/1997 to 11/2003,https://www.gravityperformance.co.uk/wp-content/uploads/2022/10/Grav_Spring.jpg,https://www.gravityperformance.co.uk/lowering-springs/vw-golf-iv-1-8-2-0-1-9sdi-1-9tdi-90-100-110-130-no-aut-1j-lowering-springs-front-30mm-rear-30mm/
Mazda MX5 ND 1.5 2.0 2015+ 30mm Lowering Springs,Lowering Springs,129.99,Mazda MX5 ND (MK4) 1.5 & 2.0 2015+ models,https://www.gravityperformance.co.uk/wp-content/uploads/2022/10/Grav_Spring.jpg,https://www.gravityperformance.co.uk/lowering-springs/mazda-mx5-nd-1-5-2-0-2015-30mm-lowering-springs/
BMW 5 Series 540i / 545i / 550i / 535D Sedan E60 2003-2010 – Lowering Springs – Front: 50 / Rear: 50,Lowering Springs,199.99,BMW 5 SERIES 540i/545i/550i/535D SEDAN E60 07/2003-03/2010,https://www.gravityperformance.co.uk/wp-content/uploads/2022/10/Grav_Spring.jpg,https://www.gravityperformance.co.uk/lowering-springs/bmw-5-series-540i-545i-550i-535d-sedan-e60-2003-2010-lowering-springs-front-50-rear-50/
Audi A4 Sedan 1.8 TFSI | 2.0 TFSI | 2.0 TDI B8 – Lowering Springs – Front 40mm – Rear 35mm,Lowering Springs,209.99,Audi A4 Sedan 1.8TFSI/2.0TFSI/2.0TDI - B8 - 11/2007+,https://www.gravityperformance.co.uk/wp-content/uploads/2022/10/Grav_Spring.jpg,https://www.gravityperformance.co.uk/lowering-springs/audi-a4-sedan-1-8tfsi-2-0tfsi-2-0tdi-b8-lowering-springs-front-40mm-rear-35mm/
Alfa 159 1.9JTS | 2.2JTS | 1.9JTDM | 2.0JTDM | 1.8MPI | 1.8TBI 939 – Lowering Springs – Front 25mm Rear 20mm,Lowering Springs,199.99,Alfa 159 1.9jTS/2.2jTS/1.9jTDM/2.0jTDM/1.8MPI/1.8TBI - 939 - 2005 to 10/2012,https://www.gravityperformance.co.uk/wp-content/uploads/2022/10/Grav_Spring.jpg,https://www.gravityperformance.co.uk/lowering-springs/alfa-159-1-9jts-2-2jts-1-9jtdm-2-0jtdm-1-8mpi-1-8tbi-939-lowering-springs-front-25mm-rear-20mm/
Seat Leon 2.0TSI Cupra Hatchback+Sc 5F 2013+ – Lowering Springs – Front: 20 / Rear: 20,Lowering Springs,179.99,SEAT LEON 2.0TSI CUPRA HATCHBACK+SC 5F 10/2013-,https://www.gravityperformance.co.uk/wp-content/uploads/2022/10/Grav_Spring.jpg,https://www.gravityperformance.co.uk/lowering-springs/seat-leon-2-0tsi-cupra-hatchback-sc-5f-2013-lowering-springs-front-20-rear-20/
Seat Ibiza 1.0TSI/1.5TSI Hatchback Kj 2017+ – Lowering Springs – Front: 45 / Rear: 45,Lowering Springs,159.99,SEAT IBIZA 1.0TSI/1.5TSI HATCHBACK Kj 01/2017-,https://www.gravityperformance.co.uk/wp-content/uploads/2022/10/Grav_Spring.jpg,https://www.gravityperformance.co.uk/lowering-springs/seat-ibiza-1-0tsi-1-5tsi-hatchback-kj-2017-lowering-springs-front-45-rear-45/
Mercedes A Class A220 / A250 W177 2018+ – Lowering Springs – Front: 20 / Rear: 25,Lowering Springs,169.99,MERCEDES BENZ A-CLASS A220/A250 W177 03/2018-,https://www.gravityperformance.co.uk/wp-content/uploads/2022/10/Grav_Spring.jpg,https://www.gravityperformance.co.uk/lowering-springs/mercedes-a-class-a220-a250-w177-2018-lowering-springs-front-20-rear-25/
BMW 1 Series 118i Hatchback F40 19-24 – Lowering Springs – Front: 30 / Rear: 25,Lowering Springs,159.99,BMW 1 Series F40 118i M Sport 2019-2024,https://www.gravityperformance.co.uk/wp-content/uploads/2022/10/Grav_Spring.jpg,https://www.gravityperformance.co.uk/lowering-springs/bmw-1-series-118-hatchback-f40-2019-lowering-springs-front-30-rear-25/
BMW 5 Series 525D/530D/535I Sedan E60 2003-2010 – Lowering Springs – Front: 50 / Rear: 50,Lowering Springs,199.99,"Fitment BMW 5 SERIES 525D/530D/535i SEDAN E60 07/2003-03/2010 Important Notes: j2,""",https://www.gravityperformance.co.uk/wp-content/uploads/2022/10/Grav_Spring.jpg,https://www.gravityperformance.co.uk/lowering-springs/bmw-5-series-525d-530d-535i-sedan-e60-2003-2010-lowering-springs-front-50-rear-50/
BMW 2 Series 218I/220I Cabrio F23 2014+ – Lowering Springs – Front: 30 / Rear: 30,Lowering Springs,169.99,BMW 2 SERIES 218i/220i CABRIO F23 03/2014-,https://www.gravityperformance.co.uk/wp-content/uploads/2022/10/Grav_Spring.jpg,https://www.gravityperformance.co.uk/lowering-springs/bmw-2-series-218i-220i-cabrio-f23-2014-lowering-springs-front-30-rear-30/
VW Jetta IV 2.0TSI | 1.6TDI | 2.0TDI 16 – Lowering Springs – Front 40mm – Rear 40mm,Lowering Springs,179.99,VW jETTA IV 2.0TSI/1.6TDI/2.0TDI - 16 - 10/2010+,https://www.gravityperformance.co.uk/wp-content/uploads/2022/10/Grav_Spring.jpg,https://www.gravityperformance.co.uk/lowering-springs/vw-jetta-iv-2-0tsi-1-6tdi-2-0tdi-16-lowering-springs-front-40mm-rear-40mm/
VW Polo 1.0(70PK) | 1.2 | 1.4 | 1.2Ts Manual Gear 6R – Lowering Springs – Front 25mm – Rear 30mm,Lowering Springs,159.99,VW POLO 1.0(70PK)/1.2/1.4/1.2TS MANUAL GEAR - 6R - 06/2009+,https://www.gravityperformance.co.uk/wp-content/uploads/2022/10/Grav_Spring.jpg,https://www.gravityperformance.co.uk/lowering-springs/vw-polo-1-0-70pk-1-2-1-4-1-2ts-manual-gear-6r-lowering-springs-front-25mm-rear-30mm/
BMW 5 Series 525D / 530D Touring E61 2004-2010 – Lowering Springs – Front: 50,Lowering Springs,149.99,BMW 5 SERIES 525D/530D TOURING E61 06/2004-05/2010,https://www.gravityperformance.co.uk/wp-content/uploads/2022/10/Grav_Spring.jpg,https://www.gravityperformance.co.uk/lowering-springs/bmw-5-series-525d-530d-touring-e61-2004-2010-lowering-springs-front-50/
BMW M5 / M5 Competition Sedan F10 2011-2016 – Lowering Springs – Front: 30 / Rear: 20,Lowering Springs,169.99,BMW M5 / M5 COMPETITION SEDAN F10 09/2011-10/2016,https://www.gravityperformance.co.uk/wp-content/uploads/2022/10/Grav_Spring.jpg,https://www.gravityperformance.co.uk/lowering-springs/bmw-m5-m5-competition-sedan-f10-2011-2016-lowering-springs-front-30-rear-20/
VW Lupo 1.0 | 1.4 | 1.4Fsi 6X – Lowering Springs – Front 40mm – Rear 40mm,Lowering Springs,159.99,Fitment VW LUPO 1.0/1.4/1.4FSI - 6X - 09/1998 to 06/2005,https://www.gravityperformance.co.uk/wp-content/uploads/2022/10/Grav_Spring.jpg,https://www.gravityperformance.co.uk/lowering-springs/vw-lupo-1-0-1-4-1-4fsi-6x-lowering-springs-front-40mm-rear-40mm/
BMW 5 Series F11 535 / 525D / 530D / 535D With Airsuspension Touring 2010-2017 – Lowering Springs – Front: 40,Lowering Springs,139.99,BMW 5 SERIES 535/525D/530D/535D with airsuspension HA TOURING F11 06/2010-03/2017 Front Springs only: Lowering 40mm,https://www.gravityperformance.co.uk/wp-content/uploads/2022/10/Grav_Spring.jpg,https://www.gravityperformance.co.uk/lowering-springs/bmw-5-series-535-525d-530d-535d-with-airsuspension-ha-touring-f11-2010-2017-lowering-springs-front-40/
BMW 5 Series 520i / 523i / 525i / 528i / 530i / 520D Sedan E60 2003-2010 – Lowering Springs – Front: 50 / Rear: 50,Lowering Springs,199.99,BMW 5 SERIES 520i/523i/525i/528i/530i/520D SEDAN E60 07/2003-03/2010,https://www.gravityperformance.co.uk/wp-content/uploads/2022/10/Grav_Spring.jpg,https://www.gravityperformance.co.uk/lowering-springs/bmw-5-series-520i-523i-525i-528i-530i-520d-sedan-e60-2003-2010-lowering-springs-front-50-rear-50/
BMW 4 Series 435I/430D Cabriolet F33 2013+ – Lowering Springs – Front: 35 / Rear: 30,Lowering Springs,169.99,"Fitment BMW 4 SERIES 435i/430D CABRIOLET F33 10/2013- Important Notes: j2,""",https://www.gravityperformance.co.uk/wp-content/uploads/2022/10/Grav_Spring.jpg,https://www.gravityperformance.co.uk/lowering-springs/bmw-4-series-435i-430d-cabriolet-f33-2013-lowering-springs-front-35-rear-30/
BMW 1 Series M135I X-Drive/M140I X-Drive Hatchback F20/F21 2012-2019 – Lowering Springs – Front: 25 / Rear: 30,Lowering Springs,179.99,BMW M135i X-DRIVE/M140i X-DRIVE HATCHBACK F20/F21 02/2012-07/2019,https://www.gravityperformance.co.uk/wp-content/uploads/2022/10/Grav_Spring.jpg,https://www.gravityperformance.co.uk/lowering-springs/bmw-1-series-m135i-x-drive-m140i-x-drive-hatchback-f20-f21-2012-2019-lowering-springs-front-25-rear-30/
Volvo C30 2.4I | 2.0D | T5 | 3 | D4 | D5 M – Lowering Springs – Front 30mm – Rear 30mm,Lowering Springs,169.99,VOLVO C30 2.4i/2.0D/T5/3/D4/D5 - M - 2006 to 2013,https://www.gravityperformance.co.uk/wp-content/uploads/2022/10/Grav_Spring.jpg,https://www.gravityperformance.co.uk/lowering-springs/volvo-c30-2-4i-2-0d-t5-3-d4-d5-m-lowering-springs-front-30mm-rear-30mm/
Volvo C70 2.0D | | D3 | D4 | D5 C70 – Lowering Springs – Front 25mm – Rear 30mm,Lowering Springs,179.99,VOLVO C70 2.0D//D3/D4/D5 - C70 - 03/2006+,https://www.gravityperformance.co.uk/wp-content/uploads/2022/10/Grav_Spring.jpg,https://www.gravityperformance.co.uk/lowering-springs/volvo-c70-2-0d-d3-d4-d5-c70-lowering-springs-front-25mm-rear-30mm/
VW Polo 1.4TSI GTI 6R – Lowering Springs – Front 25mm – Rear 30mm,Lowering Springs,159.99,VW POLO 1.4TSI GTI - 6R - 05/2010+,https://www.gravityperformance.co.uk/wp-content/uploads/2022/10/Grav_Spring.jpg,https://www.gravityperformance.co.uk/lowering-springs/vw-polo-1-4tsi-gti-6r-lowering-springs-front-25mm-rear-30mm/
VW New Beetle Cabriolet 1.6 1Y7 – Lowering Springs – Front 35mm – Rear 35mm,Lowering Springs,199.99,VW NEW BEETLE CABRIOLET 1.6 - 1Y7 - 09/2002 to 10/2010,https://www.gravityperformance.co.uk/wp-content/uploads/2022/10/Grav_Spring.jpg,https://www.gravityperformance.co.uk/lowering-springs/vw-new-beetle-cabriolet-1-6-1y7-lowering-springs-front-35mm-rear-35mm/
VW Polo 1.0(70PK) | 1.2 | 1.4 | 1.2Ts Manual Gear 6R – Lowering Springs – Front 50mm – Rear 50mm,Lowering Springs,159.99,VW POLO 1.0(70PK)/1.2/1.4/1.2TS MANUAL GEAR - 6R - 06/2009+,https://www.gravityperformance.co.uk/wp-content/uploads/2022/10/Grav_Spring.jpg,https://www.gravityperformance.co.uk/lowering-springs/vw-polo-1-0-70pk-1-2-1-4-1-2ts-manual-gear-6r-lowering-springs-front-50mm-rear-50mm/
Volvo S60 MK1 00-10 Lowering Springs – Front 35mm – Rear 25mm,Lowering Springs,229.99,VOLVO S60 (all engine types) lowering T5 = 25MM - S60 - 10/2000 to 04/2010,https://www.gravityperformance.co.uk/wp-content/uploads/2022/10/Grav_Spring.jpg,https://www.gravityperformance.co.uk/lowering-springs/volvo-s60-mk1-00-10-lowering-springs-front-35mm-rear-25mm/
Volvo V40 T5 | D3 | D4 M – Lowering Springs – Front 25mm – Rear 35mm,Lowering Springs,159.99,VOLVO V40 T5/D3/D4 - M - 07/2012+,https://www.gravityperformance.co.uk/wp-content/uploads/2022/10/Grav_Spring.jpg,https://www.gravityperformance.co.uk/lowering-springs/volvo-v40-t5-d3-d4-m-lowering-springs-front-25mm-rear-35mm/
VW New Beetle Cabriolet 1.8T | 2.0 | 1.9TDI 1Y7 – Lowering Springs – Front 35mm – Rear 35mm,Lowering Springs,199.99,VW NEW BEETLE CABRIOLET 1.8T/2.0/1.9TDI - 1Y7 - 09/2002 to 10/2010,https://www.gravityperformance.co.uk/wp-content/uploads/2022/10/Grav_Spring.jpg,https://www.gravityperformance.co.uk/lowering-springs/vw-new-beetle-cabriolet-1-8t-2-0-1-9tdi-1y7-lowering-springs-front-35mm-rear-35mm/
VW Passat Sedan 1.8T Aut. | 1.9TDI Aut. | 2.3 V5 No Aut. 3Bg – Lowering Springs – Front 30mm – Rear 30mm,Lowering Springs,199.99,VW PASSAT SEDAN 1.8T AUT./1.9TDI AUT./2.3 V5 NO AUT. - 3BG - 11/2000 to 2005,https://www.gravityperformance.co.uk/wp-content/uploads/2022/10/Grav_Spring.jpg,https://www.gravityperformance.co.uk/lowering-springs/vw-passat-sedan-1-8t-aut-1-9tdi-aut-2-3-v5-no-aut-3bg-lowering-springs-front-30mm-rear-30mm/
VW Passat 1.4TSI | 1.8TSI | 2.0Fsi | 2.0TSI | 1.6TDI | 1.9TDI 3C – Lowering Springs – Front 30mm – Rear 30mm,Lowering Springs,179.99,VW PASSAT 1.4TSI/1.8TSI/2.0FSI/2.0TSI/1.6TDI/1.9TDI - 3C - 2005 to 11/2010,https://www.gravityperformance.co.uk/wp-content/uploads/2022/10/Grav_Spring.jpg,https://www.gravityperformance.co.uk/lowering-springs/vw-passat-1-4tsi-1-8tsi-2-0fsi-2-0tsi-1-6tdi-1-9tdi-3c-lowering-springs-front-30mm-rear-30mm/
Volvo V40 T5 | D3 | D4 M – Lowering Springs – Front 35mm – Rear 45mm,Lowering Springs,179.99,VOLVO V40 T5/D3/D4 - M - 07/2012+,https://www.gravityperformance.co.uk/wp-content/uploads/2022/10/Grav_Spring.jpg,https://www.gravityperformance.co.uk/lowering-springs/volvo-v40-t5-d3-d4-m-lowering-springs-front-35mm-rear-45mm/
VW Scirocco 1.4TSI(122PK) – Lowering Springs – Front 35mm – Rear 35mm,Lowering Springs,179.99,VW SCIROCCO 1.4TSI(122PK) - 09/2008+,https://www.gravityperformance.co.uk/wp-content/uploads/2022/10/Grav_Spring.jpg,https://www.gravityperformance.co.uk/lowering-springs/vw-scirocco-1-4tsi-122pk-lowering-springs-front-35mm-rear-35mm/
VW Polo 1.2TSI Automatic Gear | 1.2TDI | 1.4TDI | 1.6TDI 6R – Lowering Springs – Front 35mm – Rear 40mm,Lowering Springs,159.99,VW POLO 1.2TSI AUTOMATIC GEAR/1.2TDI/1.4TDI/1.6TDI - 6R - 06/2009+,https://www.gravityperformance.co.uk/wp-content/uploads/2022/10/Grav_Spring.jpg,https://www.gravityperformance.co.uk/lowering-springs/vw-polo-1-2tsi-automatic-gear-1-2tdi-1-4tdi-1-6tdi-6r-lowering-springs-front-35mm-rear-40mm/
VW Scirocco 1.4TSI(160PK) | 2.0TSI | 2.0TDI 13 – Lowering Springs – Front 25mm – Rear 25mm,Lowering Springs,179.99,VW SCIROCCO 1.4TSI(160PK)/2.0TSI/2.0TDI - 13 - 09/2008+,https://www.gravityperformance.co.uk/wp-content/uploads/2022/10/Grav_Spring.jpg,https://www.gravityperformance.co.uk/lowering-springs/vw-scirocco-1-4tsi-160pk-2-0tsi-2-0tdi-13-lowering-springs-front-25mm-rear-25mm/
Volvo S80 MK1 98-06 – Lowering Springs – Front 30mm – Rear 30mm,Lowering Springs,219.99,VOLVO S80 (all engine types) - 10/1998 to 02/2006,https://www.gravityperformance.co.uk/wp-content/uploads/2022/10/Grav_Spring.jpg,https://www.gravityperformance.co.uk/lowering-springs/volvo-s80-mk1-98-06-lowering-springs-front-30mm-rear-30mm/
VW Passat 2.0TDI 3C – Lowering Springs – Front 40mm – Rear 40mm,Lowering Springs,179.99,VW PASSAT 2.0TDI - 3C - 2005 to 11/2010,https://www.gravityperformance.co.uk/wp-content/uploads/2022/10/Grav_Spring.jpg,https://www.gravityperformance.co.uk/lowering-springs/vw-passat-2-0tdi-3c-lowering-springs-front-40mm-rear-40mm/
VW Scirocco 1.4TSI(160PK) | 2.0TSI | 2.0TDI – Lowering Springs – Front 35mm – Rear 35mm,Lowering Springs,179.99,VW SCIROCCO 1.4TSI(160PK)/2.0TSI/2.0TDI - 09/2008+,https://www.gravityperformance.co.uk/wp-content/uploads/2022/10/Grav_Spring.jpg,https://www.gravityperformance.co.uk/lowering-springs/vw-scirocco-1-4tsi-160pk-2-0tsi-2-0tdi-lowering-springs-front-35mm-rear-35mm/
VW Transporter T5 + Facelift 2009- T5 – Lowering Springs – Front 40mm – Rear 40mm,Lowering Springs,239.99,VW TRANSPORTER T5 + FACELIFT 2009- T5 - 2003+,https://www.gravityperformance.co.uk/wp-content/uploads/2022/10/Grav_Spring.jpg,https://www.gravityperformance.co.uk/lowering-springs/vw-transporter-t5-facelift-2009-t5-lowering-springs-front-40mm-rear-40mm/
Volvo V50 | S40 1.6 M – Lowering Springs – Front 30mm – Rear 30mm,Lowering Springs,179.99,VOLVO V50/S40 1.6 - M - 2004 to 07/2012,https://www.gravityperformance.co.uk/wp-content/uploads/2022/10/Grav_Spring.jpg,https://www.gravityperformance.co.uk/lowering-springs/volvo-v50-s40-1-6-m-lowering-springs-front-30mm-rear-30mm/
VW Passat CC 1.8TSI | 2.0TSI | 2.0TDI – Lowering Springs – Front 25mm – Rear 20mm,Lowering Springs,179.99,VW PASSAT CC 1.8TSI/2.0TSI/2.0TDI - 06/2008+,https://www.gravityperformance.co.uk/wp-content/uploads/2022/10/Grav_Spring.jpg,https://www.gravityperformance.co.uk/lowering-springs/vw-passat-cc-1-8tsi-2-0tsi-2-0tdi-lowering-springs-front-25mm-rear-20mm/
VW Transporter T3 – Lowering Springs – Front 45mm – Rear 45mm,Lowering Springs,239.99,VW TRANSPORTER T3 - 1979 to 1991,https://www.gravityperformance.co.uk/wp-content/uploads/2022/10/Grav_Spring.jpg,https://www.gravityperformance.co.uk/lowering-springs/vw-transporter-t2-t3-t2-lowering-springs-front-45mm-rear-45mm/
Volvo V60 T3 | T4 | T4F | 2.0T | 1.6D | 1.6 Drive | D2 – Lowering Springs – Front 25mm – Rear 30mm,Lowering Springs,199.99,VOLVO V60 T3/T4/T4F/2.0T/1.6D/1.6 DRIVe/D2 - 11/2010+,https://www.gravityperformance.co.uk/wp-content/uploads/2022/10/Grav_Spring.jpg,https://www.gravityperformance.co.uk/lowering-springs/volvo-v60-t3-t4-t4f-2-0t-1-6d-1-6-drive-d2-lowering-springs-front-25mm-rear-30mm/
VW Polo | Derby 0.9-1.3 (Not G40) 86 | 86C – Lowering Springs – Front 60mm – Rear 40mm,Lowering Springs,169.99,VW POLO/DERBY 0.9-1.3 (not G40) - 86/86C - 08/1976 to 07/1994,https://www.gravityperformance.co.uk/wp-content/uploads/2022/10/Grav_Spring.jpg,https://www.gravityperformance.co.uk/lowering-springs/vw-polo-derby-0-9-1-3-not-g40-86-86c-lowering-springs-front-60mm-rear-40mm/
Volvo V50 | S40 1.6D | 1.8 | 1.8F | 2.0 | 2.0F | D2 M – Lowering Springs – Front 30mm – Rear 30mm,Lowering Springs,179.99,VOLVO V50/S40 1.6D/1.8/1.8F/2.0/2.0F/D2 - M - 2004 to 07/2012,https://www.gravityperformance.co.uk/wp-content/uploads/2022/10/Grav_Spring.jpg,https://www.gravityperformance.co.uk/lowering-springs/volvo-v50-s40-1-6d-1-8-1-8f-2-0-2-0f-d2-m-lowering-springs-front-30mm-rear-30mm/
VW Golf VII Hatchback 1.4TSI (122PK)(Multilink) Au – Lowering Springs – Front 40mm – Rear 40mm,Lowering Springs,159.99,VW GOLF VII HATCHBACK 1.4TSI (122PK)(MULTILINK) - AU - 10/2012+,"https://www.gravityperformance.co.uk/wp-content/uploads/2022/10/Grav_Spring.jpg, https://www.gravityperformance.co.uk/wp-content/uploads/2022/10/products-springs_rear_front_8.jpg, https://www.gravityperformance.co.uk/wp-content/uploads/2022/10/products-springs_rear_front_8-1.jpg",https://www.gravityperformance.co.uk/lowering-springs/vw-golf-vii-hatchback-1-4tsi-122pk-multilink-au-lowering-springs-front-40mm-rear-40mm/
Volvo V60 D3 | D4 | D5 – Lowering Springs – Front 25mm – Rear 30mm,Lowering Springs,209.99,VOLVO V60 D3/D4/D5 - 11/2010+,https://www.gravityperformance.co.uk/wp-content/uploads/2022/10/Grav_Spring.jpg,https://www.gravityperformance.co.uk/lowering-springs/volvo-v60-d3-d4-d5-lowering-springs-front-25mm-rear-30mm/
VW Up 1.0 Aa – Lowering Springs – Front 30mm – Rear 35mm,Lowering Springs,159.99,VW UP 1.0 - AA - 2012+,https://www.gravityperformance.co.uk/wp-content/uploads/2022/10/Grav_Spring.jpg,https://www.gravityperformance.co.uk/lowering-springs/vw-up-1-0-aa-lowering-springs-front-30mm-rear-35mm/
VW Polo | Derby 0.9-1.3 (Not G40) 86 | 86C – Lowering Springs – Front 70mm – Rear 60mm,Lowering Springs,169.99,VW POLO/DERBY 0.9-1.3 (not G40) - 86/86C - 08/1976 to 07/1994,https://www.gravityperformance.co.uk/wp-content/uploads/2022/10/Grav_Spring.jpg,https://www.gravityperformance.co.uk/lowering-springs/vw-polo-derby-0-9-1-3-not-g40-86-86c-lowering-springs-front-70mm-rear-60mm/
VW Transporter T5 + Facelift 2009- T5 – Lowering Springs – Front 55mm – Rear 55mm,Lowering Springs,239.99,VW TRANSPORTER T5 + FACELIFT 2009- T5 - 2003+,https://www.gravityperformance.co.uk/wp-content/uploads/2022/10/Grav_Spring.jpg,https://www.gravityperformance.co.uk/lowering-springs/vw-transporter-t5-facelift-2009-t5-lowering-springs-front-55mm-rear-55mm/
VW Golf VII Hatchback 2.0TDI (150PK)(Multilink) Au – Lowering Springs – Front 30mm – Rear 30mm,Lowering Springs,169.99,VW GOLF VII HATCHBACK 2.0TDI (150PK)(MULTILINK) - AU - 10/2012+,https://www.gravityperformance.co.uk/wp-content/uploads/2022/10/Grav_Spring.jpg,https://www.gravityperformance.co.uk/lowering-springs/vw-golf-vii-hatchback-2-0tdi-150pk-multilink-au-lowering-springs-front-30mm-rear-30mm/
VW Jetta IV 2.0TSI | 1.6TDI | 2.0TDI 16 – Lowering Springs – Front 30mm – Rear 25mm,Lowering Springs,179.99,VW jETTA IV 2.0TSI/1.6TDI/2.0TDI - 16 - 10/2010+,https://www.gravityperformance.co.uk/wp-content/uploads/2022/10/Grav_Spring.jpg,https://www.gravityperformance.co.uk/lowering-springs/vw-jetta-iv-2-0tsi-1-6tdi-2-0tdi-16-lowering-springs-front-30mm-rear-25mm/
Volvo C30 1.8 | 2.0 M – Lowering Springs – Front 30mm – Rear 30mm,Lowering Springs,169.99,VOLVO C30 1.8/2.0 - M - 2006 to 2013,https://www.gravityperformance.co.uk/wp-content/uploads/2022/10/Grav_Spring.jpg,https://www.gravityperformance.co.uk/lowering-springs/volvo-c30-1-8-2-0-m-lowering-springs-front-30mm-rear-30mm/
VW Polo 1.2 | 1.4 16V | 1.6 9N – Lowering Springs – Front 30mm – Rear 30mm,Lowering Springs,169.99,VW POLO 1.2/1.4 16V/1.6 - 9N - 11/2001 to 11/2009,https://www.gravityperformance.co.uk/wp-content/uploads/2022/10/Grav_Spring.jpg,https://www.gravityperformance.co.uk/lowering-springs/vw-polo-1-2-1-4-16v-1-6-9n-lowering-springs-front-30mm-rear-30mm/
VW Golf VII Hatchback 2.0TDI (150PK)(Multilink) Au – Lowering Springs – Front 40mm – Rear 40mm,Lowering Springs,159.99,VW GOLF VII HATCHBACK 2.0TDI (150PK)(MULTILINK) - AU - 10/2012+,https://www.gravityperformance.co.uk/wp-content/uploads/2022/10/Grav_Spring.jpg,https://www.gravityperformance.co.uk/lowering-springs/vw-golf-vii-hatchback-2-0tdi-150pk-multilink-au-lowering-springs-front-40mm-rear-40mm/
VW Golf IV GTI | V5 | 1.9TDI 90 | 100 | 110 | 130 With Aut. | 1.9TDI 115 | 150 1J – Lowering Springs – Front 30mm – Rear 30mm,Lowering Springs,199.99,VW GOLF IV GTI/V5/1.9TDI 90/100/110/130 with aut./1.9TDI 115/150 - 1j - 10/1997 to 11/2003,https://www.gravityperformance.co.uk/wp-content/uploads/2022/10/Grav_Spring.jpg,https://www.gravityperformance.co.uk/lowering-springs/vw-golf-iv-gti-v5-1-9tdi-90-100-110-130-with-aut-1-9tdi-115-150-1j-lowering-springs-front-30mm-rear-30mm/
VW Jetta III 2.0TDI 1Km – Lowering Springs – Front 40mm – Rear 40mm,Lowering Springs,179.99,VW jETTA III 2.0TDI - 1KM - 2005 to 09/2010,https://www.gravityperformance.co.uk/wp-content/uploads/2022/10/Grav_Spring.jpg,https://www.gravityperformance.co.uk/lowering-springs/vw-jetta-iii-2-0tdi-1km-lowering-springs-front-40mm-rear-40mm/
Volvo C30 1.6 M – Lowering Springs – Front 30mm – Rear 30mm,Lowering Springs,169.99,VOLVO C30 1.6 - M - 2006 to 2013,https://www.gravityperformance.co.uk/wp-content/uploads/2022/10/Grav_Spring.jpg,https://www.gravityperformance.co.uk/lowering-springs/volvo-c30-1-6-m-lowering-springs-front-30mm-rear-30mm/
VW Golf V 1.4 | 1.6 | 1.6Fsi 1K – Lowering Springs – Front 40mm – Rear 40mm,Lowering Springs,179.99,VW GOLF V 1.4/1.6/1.6FSI - 1K - 11/2003 to 10/2008,https://www.gravityperformance.co.uk/wp-content/uploads/2022/10/Grav_Spring.jpg,https://www.gravityperformance.co.uk/lowering-springs/vw-golf-v-1-4-1-6-1-6fsi-1k-lowering-springs-front-40mm-rear-40mm/
VW Polo 1.0 | 1.4 | 1.4-16V | 1.4TDI | 1.6 | 1.9SDi 6N – Lowering Springs – Front 40mm – Rear 40mm,Lowering Springs,169.99,VW POLO 1.0/1.4/1.4-16V/1.4TDI/1.6/1.9SDi - 6N - 08/1994 to 2000,https://www.gravityperformance.co.uk/wp-content/uploads/2022/10/Grav_Spring.jpg,https://www.gravityperformance.co.uk/lowering-springs/vw-polo-1-0-1-4-1-4-16v-1-4tdi-1-6-1-9sdi-6n-lowering-springs-front-40mm-rear-40mm/
VW Corrado 2.9 Vr6 53I – Lowering Springs – Front 40mm – Rear 40mm,Lowering Springs,179.99,VW CORRADO 2.9 VR6 - 53i - 10/1991 to 02/1995,https://www.gravityperformance.co.uk/wp-content/uploads/2022/10/Grav_Spring.jpg,https://www.gravityperformance.co.uk/lowering-springs/vw-corrado-2-9-vr6-53i-lowering-springs-front-40mm-rear-40mm/
Volvo C30 1.6D | D2 M – Lowering Springs – Front 30mm – Rear 30mm,Lowering Springs,169.99,VOLVO C30 1.6D/D2 - M - 2006 to 2013,https://www.gravityperformance.co.uk/wp-content/uploads/2022/10/Grav_Spring.jpg,https://www.gravityperformance.co.uk/lowering-springs/volvo-c30-1-6d-d2-m-lowering-springs-front-30mm-rear-30mm/
VW Polo | Derby 0.9-1.3 (Not G40) 86 | 86C – Lowering Springs – Front 70mm – Rear 70mm,Lowering Springs,169.99,VW POLO/DERBY 0.9-1.3 (not G40) - 86/86C - 08/1976 to 07/1994,https://www.gravityperformance.co.uk/wp-content/uploads/2022/10/Grav_Spring.jpg,https://www.gravityperformance.co.uk/lowering-springs/vw-polo-derby-0-9-1-3-not-g40-86-86c-lowering-springs-front-70mm-rear-70mm/
VW Golf MK3 | Vento GTI | GTI 16V | Vr6 1HXO – Lowering Springs – Front 60mm – Rear 60mm,Lowering Springs,169.99,VW GOLF III/VENTO GTI/GTI 16V/VR6 - 1HXO - 09/1991 to 08/1994,https://www.gravityperformance.co.uk/wp-content/uploads/2022/10/Grav_Spring.jpg,https://www.gravityperformance.co.uk/lowering-springs/vw-golf-mk3-vento-gti-gti-16v-vr6-1hxo-lowering-springs-front-60mm-rear-60mm/
VW Golf MK6 2.0TSI GTI – Lowering Springs – Front 25mm – Rear 20mm,Lowering Springs,179.99,VW GOLF VI 2.0TSI GTI - 0420/09 to 09/2012,https://www.gravityperformance.co.uk/wp-content/uploads/2022/10/Grav_Spring.jpg,https://www.gravityperformance.co.uk/lowering-springs/vw-golf-mk6-2-0tsi-gti-lowering-springs-front-25mm-rear-20mm/
VW Golf MK4 1.8 | 2.0 | GTI | V5 | 1.9TDI (Va 1020Kg) 1J – Lowering Springs – Front 45mm – Rear 45mm,Lowering Springs,199.99,VW GOLF IV 1.8/2.0/GTI/V5/1.9TDI (VA 1020KG) - 1j - 10/1997 to 11/2003,https://www.gravityperformance.co.uk/wp-content/uploads/2022/10/Grav_Spring.jpg,https://www.gravityperformance.co.uk/lowering-springs/vw-golf-mk4-1-8-2-0-gti-v5-1-9tdi-va-1020kg-1j-lowering-springs-front-45mm-rear-45mm/
Toyota Celica 1.8VVT-i T23 – Lowering Springs – Front 30mm – Rear 30mm,Lowering Springs,169.99,TOYOTA CELICA 1.8VVT-i - T23 - 2000 to 09/2005,https://www.gravityperformance.co.uk/wp-content/uploads/2022/10/Grav_Spring.jpg,https://www.gravityperformance.co.uk/lowering-springs/toyota-celica-1-8vvti-t23-lowering-springs-front-30mm-rear-30mm/
VW Golf IV R32 3.2 V6 1J – Lowering Springs – Front 20mm – Rear 20mm,Lowering Springs,179.99,VW GOLF IV R32 3.2 V6 - 1j - 10/2002 to 11/2003,https://www.gravityperformance.co.uk/wp-content/uploads/2022/10/Grav_Spring.jpg,https://www.gravityperformance.co.uk/lowering-springs/vw-golf-iv-r32-3-2-v6-1j-lowering-springs-front-20mm-rear-20mm/
Toyota GT86 2.0 ZN – Lowering Springs – Front 25mm – Rear 25mm,Lowering Springs,159.99,TOYOTA GT86 2.0 - ZN - 03/2012+,https://www.gravityperformance.co.uk/wp-content/uploads/2022/10/Grav_Spring.jpg,https://www.gravityperformance.co.uk/lowering-springs/toyota-gt86-2-0-zn-lowering-springs-front-25mm-rear-25mm/
VW Golf II | Jetta II 1.6 | D | TD | 1.8GTI | 16V | G60 19E – Lowering Springs – Front 40mm – Rear 40mm,Lowering Springs,169.99,VW GOLF II/jETTA II 1.6/D/TD/1.8GTI/16V/G60 - 19E - 08/1983 to 11/1991,https://www.gravityperformance.co.uk/wp-content/uploads/2022/10/Grav_Spring.jpg,https://www.gravityperformance.co.uk/lowering-springs/vw-golf-ii-jetta-ii-1-6-d-td-1-8gti-16v-g60-19e-lowering-springs-front-40mm-rear-40mm/
VW Golf VI Variant 1.4TSI (160PK) | 1.6TDI 1Km – Lowering Springs – Front 25mm – Rear 30mm,Lowering Springs,179.99,VW GOLF VI VARIANT 1.4TSI (160PK)/1.6TDI - 1KM - 07/2009 to 03/2013,https://www.gravityperformance.co.uk/wp-content/uploads/2022/10/Grav_Spring.jpg,https://www.gravityperformance.co.uk/lowering-springs/vw-golf-vi-variant-1-4tsi-160pk-1-6tdi-1km-lowering-springs-front-25mm-rear-30mm/
VW Eos 2.0Fsi Turbo | 2.0TDI 1F – Lowering Springs – Front 40mm – Rear 40mm,Lowering Springs,179.99,VW EOS 2.0FSI TURBO/2.0TDI - 1F - 2006 to 05/2013,https://www.gravityperformance.co.uk/wp-content/uploads/2022/10/Grav_Spring.jpg,https://www.gravityperformance.co.uk/lowering-springs/vw-eos-2-0fsi-turbo-2-0tdi-1f-lowering-springs-front-40mm-rear-40mm/
VW Eos 2.0Fsi 1F – Lowering Springs – Front 40mm – Rear 40mm,Lowering Springs,179.99,VW EOS 2.0FSI - 1F - 2006 to 05/2013,https://www.gravityperformance.co.uk/wp-content/uploads/2022/10/Grav_Spring.jpg,https://www.gravityperformance.co.uk/lowering-springs/vw-eos-2-0fsi-1f-lowering-springs-front-40mm-rear-40mm/
Toyota MR2 2.0 16V W2 – Lowering Springs – Front 40mm – Rear 40mm,Lowering Springs,219.99,TOYOTA MR2 2.0 16V - W2 - 1990 to 1994,https://www.gravityperformance.co.uk/wp-content/uploads/2022/10/Grav_Spring.jpg,https://www.gravityperformance.co.uk/lowering-springs/toyota-mr2-2-0-16v-w2-lowering-springs-front-40mm-rear-40mm/
Skoda Rapid Sedan+Spaceback1.2MPI | 1.2TSI Nh – Lowering Springs – Front 30mm – Rear 40mm,Lowering Springs,169.99,SKODA RAPID SEDAN+SPACEBACK1.2MPi/1.2TSI - NH - 10/2012+,https://www.gravityperformance.co.uk/wp-content/uploads/2022/10/Grav_Spring.jpg,https://www.gravityperformance.co.uk/lowering-springs/skoda-rapid-sedan-spaceback1-2mpi-1-2tsi-nh-lowering-springs-front-30mm-rear-40mm/
Toyota Corolla 1.6GT Twincam 16V EE | AE86 – Lowering Springs – Front 40mm – Rear 40mm,Lowering Springs,199.99,TOYOTA COROLLA 1.6GT TWINCAM 16V - EE/AE86 - 05/1983 to 04/1987,https://www.gravityperformance.co.uk/wp-content/uploads/2022/10/Grav_Spring.jpg,https://www.gravityperformance.co.uk/lowering-springs/toyota-corolla-1-6gt-twincam-16v-ee-ae86-lowering-springs-front-40mm-rear-40mm/
Toyota MR2 W3 – Lowering Springs – Front 30mm – Rear 30mm,Lowering Springs,159.99,TOYOTA MR2 - W3 - 10/1999 to 06/2007,https://www.gravityperformance.co.uk/wp-content/uploads/2022/10/Grav_Spring.jpg,https://www.gravityperformance.co.uk/lowering-springs/toyota-mr2-w3-lowering-springs-front-30mm-rear-30mm/
Subaru Impreza Bugeye 2.0T WRX – Lowering Springs – Front 30mm – Rear 25mm,Lowering Springs,199.99,SUBARU IMPREZA 2.0T WRX - GD/GG/GGS - 2001 to 2003,https://www.gravityperformance.co.uk/wp-content/uploads/2022/10/Grav_Spring.jpg,https://www.gravityperformance.co.uk/lowering-springs/subaru-impreza-bugeye-2-0t-wrx-lowering-springs-front-30mm-rear-25mm/
Skoda Octavia 1.6TDI | 1.4TSI1.8TSI | 2.0Fsi | 1.9TDI + Sw 1Z – Lowering Springs – Front 30mm – Rear 30mm,Lowering Springs,179.99,SKODA OCTAVIA 1.6TDI/1.4TSI1.8TSI/2.0FSI/1.9TDI + SW - 1Z - 2004 to 06/2013,https://www.gravityperformance.co.uk/wp-content/uploads/2022/10/Grav_Spring.jpg,https://www.gravityperformance.co.uk/lowering-springs/skoda-octavia-1-6tdi-1-4tsi1-8tsi-2-0fsi-1-9tdi-sw-1z-lowering-springs-front-30mm-rear-30mm/
Skoda Rapid Sedan+Spaceback 1.4TSI | 1.6TDI Nh – Lowering Springs – Front 30mm – Rear 40mm,Lowering Springs,169.99,SKODA RAPID SEDAN+SPACEBACK 1.4TSI/1.6TDI - NH - 10/2012+,https://www.gravityperformance.co.uk/wp-content/uploads/2022/10/Grav_Spring.jpg,https://www.gravityperformance.co.uk/lowering-springs/skoda-rapid-sedan-spaceback-1-4tsi-1-6tdi-nh-lowering-springs-front-30mm-rear-40mm/
Toyota Celica 2.0GTI Turbo 4WD St18 – Lowering Springs – Front 35mm – Rear 35mm,Lowering Springs,199.99,TOYOTA CELICA 2.0GTI TURBO 4WD - ST18 - 10/1989 to 02/1994,https://www.gravityperformance.co.uk/wp-content/uploads/2022/10/Grav_Spring.jpg,https://www.gravityperformance.co.uk/lowering-springs/toyota-celica-2-0gti-turbo-4wd-st18-lowering-springs-front-35mm-rear-35mm/
Skoda Superb 2.0TDI 3T – Lowering Springs – Front 35mm – Rear 25mm,Lowering Springs,179.99,SKODA SUPERB 2.0TDI - 3T - 07/2008+,https://www.gravityperformance.co.uk/wp-content/uploads/2022/10/Grav_Spring.jpg,https://www.gravityperformance.co.uk/lowering-springs/skoda-superb-2-0tdi-3t-lowering-springs-front-35mm-rear-25mm/
Skoda Superb Combi 1.4TSI | 1.8TSI | 2.0TSI | 1.6TDI | 2.0TDI – Lowering Springs – Front 40mm – Rear 30mm,Lowering Springs,179.99,SKODA SUPERB COMBI 1.4TSI/1.8TSI/2.0TSI/1.6TDI/2.0TDI - 10/2009+,https://www.gravityperformance.co.uk/wp-content/uploads/2022/10/Grav_Spring.jpg,https://www.gravityperformance.co.uk/lowering-springs/skoda-superb-combi-1-4tsi-1-8tsi-2-0tsi-1-6tdi-2-0tdi-lowering-springs-front-40mm-rear-30mm/
Seat Ibiza 1.4 Aut. | 1.4TDI | 1.9SDi 6L – Lowering Springs – Front 30mm – Rear 30mm,Lowering Springs,179.99,SEAT IBIZA 1.4 AUT./1.4TDI/1.9SDi - 6L - 04/2002 to 02/2008,https://www.gravityperformance.co.uk/wp-content/uploads/2022/10/Grav_Spring.jpg,https://www.gravityperformance.co.uk/lowering-springs/seat-ibiza-1-4-aut-1-4tdi-1-9sdi-6l-lowering-springs-front-30mm-rear-30mm/
Subaru Impreza Turbo + Stationwagon – Lowering Springs – Front 25mm – Rear 15mm,Lowering Springs,199.99,SUBARU IMPREZA TURBO + STATIONWAGON - GFC - 1998 to 12/2000,https://www.gravityperformance.co.uk/wp-content/uploads/2022/10/Grav_Spring.jpg,https://www.gravityperformance.co.uk/lowering-springs/subaru-impreza-turbo-stationwagon-lowering-springs-front-25mm-rear-15mm/
Seat Ibiza 1.2 | 1.2TSI | 1.4 | 1.6 6J – Lowering Springs – Front 30mm – Rear 30mm,Lowering Springs,159.99,SEAT IBIZA 1.2/1.2TSI/1.4/1.6 - 6j - 03/2008+,https://www.gravityperformance.co.uk/wp-content/uploads/2022/10/Grav_Spring.jpg,https://www.gravityperformance.co.uk/lowering-springs/seat-ibiza-1-2-1-2tsi-1-4-1-6-6j-lowering-springs-front-30mm-rear-30mm/
Seat Ibiza 1.2 | 1.2TSI | 1.4 | 1.6 6J – Lowering Springs – Front 45mm – Rear 45mm,Lowering Springs,159.99,SEAT IBIZA 1.2/1.2TSI/1.4/1.6 - 6j - 03/2008+,https://www.gravityperformance.co.uk/wp-content/uploads/2022/10/Grav_Spring.jpg,https://www.gravityperformance.co.uk/lowering-springs/seat-ibiza-1-2-1-2tsi-1-4-1-6-6j-lowering-springs-front-45mm-rear-45mm/
Toyota Starlet 1.1-1.3 P9 – Lowering Springs – Front 40mm – Rear 40mm,Lowering Springs,149.99,TOYOTA STARLET 1.1-1.3 - P9 - 03/1996 to 12/1999,https://www.gravityperformance.co.uk/wp-content/uploads/2022/10/Grav_Spring.jpg,https://www.gravityperformance.co.uk/lowering-springs/toyota-starlet-1-1-1-3-p9-lowering-springs-front-40mm-rear-40mm/
Toyota GT86 2.0 ZN – Lowering Springs – Front 35mm – Rear 35mm,Lowering Springs,159.99,Toyota GT86 2.0 - ZN - 03/2012+,https://www.gravityperformance.co.uk/wp-content/uploads/2022/10/Grav_Spring.jpg,https://www.gravityperformance.co.uk/lowering-springs/toyota-gt86-2-0-zn-lowering-springs-front-35mm-rear-35mm/
Seat Ibiza 1.2TDI | 1.4TDI | 1.9TDI 6J – Lowering Springs – Front 45mm – Rear 45mm,Lowering Springs,159.99,SEAT IBIZA 1.2TDI/1.4TDI/1.9TDI - 6j - 03/2008+,https://www.gravityperformance.co.uk/wp-content/uploads/2022/10/Grav_Spring.jpg,https://www.gravityperformance.co.uk/lowering-springs/seat-ibiza-1-2tdi-1-4tdi-1-9tdi-6j-lowering-springs-front-45mm-rear-45mm/
Seat Ibiza 1.4TSI Fr | 1.4TSI Cupra | 2.0TDI Fr 6J – Lowering Springs – Front 25mm – Rear 30mm,Lowering Springs,159.99,SEAT IBIZA 1.4TSI FR/1.4TSI CUPRA/2.0TDI FR - 6j - 11/2009+,https://www.gravityperformance.co.uk/wp-content/uploads/2022/10/Grav_Spring.jpg,https://www.gravityperformance.co.uk/lowering-springs/seat-ibiza-1-4tsi-fr-1-4tsi-cupra-2-0tdi-fr-6j-lowering-springs-front-25mm-rear-30mm/
Seat Ibiza Station 1.2TDI | 1.6TDI 6J – Lowering Springs – Front 45mm – Rear 45mm,Lowering Springs,159.99,SEAT IBIZA STATION 1.2TDI/1.6TDI - 6j - 05/2010+,https://www.gravityperformance.co.uk/wp-content/uploads/2022/10/Grav_Spring.jpg,https://www.gravityperformance.co.uk/lowering-springs/seat-ibiza-station-1-2tdi-1-6tdi-6j-lowering-springs-front-45mm-rear-45mm/
Subaru Impreza + Stationwagon 1.6Ts | 2.0Gx | 2.0Wrx | Not 2.0 Wrx Sti – Lowering Springs – Front 30mm – Rear 30mm,Lowering Springs,199.99,SUBARU IMPREZA + STATIONWAGON 1.6TS/2.0GX/2.0WRX/NOT 2.0 WRX STI - GD/GG/GGS - 2003 to 2005,https://www.gravityperformance.co.uk/wp-content/uploads/2022/10/Grav_Spring.jpg,https://www.gravityperformance.co.uk/lowering-springs/subaru-impreza-stationwagon-1-6ts-2-0gx-2-0wrx-not-2-0-wrx-sti-lowering-springs-front-30mm-rear-30mm/
Seat Leon Hatchback + Sc 1.6TDI Torsion Beam 5F – Lowering Springs – Front 30mm – Rear 30mm,Lowering Springs,169.99,SEAT LEON HATCHBACK + SC 1.6TDI TORSION BEAM - 5F - 09/2012+,https://www.gravityperformance.co.uk/wp-content/uploads/2022/10/Grav_Spring.jpg,https://www.gravityperformance.co.uk/lowering-springs/seat-leon-hatchback-sc-1-6tdi-torsion-beam-5f-lowering-springs-front-30mm-rear-30mm/
Seat Alhambra 1.8 | 2.0 | 1.9TDI 7Ms – Lowering Springs – Front 35mm – Rear 35mm,Lowering Springs,209.99,SEAT ALHAMBRA 1.8/2.0/1.9TDI - 7MS - 09/1995 to 03/2010,"https://www.gravityperformance.co.uk/wp-content/uploads/2022/10/Grav_Spring.jpg, https://www.gravityperformance.co.uk/wp-content/uploads/2022/10/products-spring20-20direnza20box20201920-20full20set.jpg, https://www.gravityperformance.co.uk/wp-content/uploads/2022/10/products-spring20-20direnza20box20201920-20full20set-1.jpg",https://www.gravityperformance.co.uk/lowering-springs/seat-alhambra-1-8-2-0-1-9tdi-7ms-lowering-springs-front-35mm-rear-35mm/
Toyota Celica 2.0GTI St18 – Lowering Springs – Front 40mm – Rear 40mm,Lowering Springs,179.99,TOYOTA CELICA 2.0GTI - ST18 - 10/1989 to 02/1994,https://www.gravityperformance.co.uk/wp-content/uploads/2022/10/Grav_Spring.jpg,https://www.gravityperformance.co.uk/lowering-springs/toyota-celica-2-0gti-st18-lowering-springs-front-40mm-rear-40mm/
Toyota Celica 1.8 T20 – Lowering Springs – Front 40mm – Rear 40mm,Lowering Springs,209.99,TOYOTA CELICA 1.8 - T20 - 03/1994 to 11/1999,https://www.gravityperformance.co.uk/wp-content/uploads/2022/10/Grav_Spring.jpg,https://www.gravityperformance.co.uk/lowering-springs/toyota-celica-1-8-t20-lowering-springs-front-40mm-rear-40mm/
Seat Ibiza Station 1.2 | 1.2TSI | 1.4 6J – Lowering Springs – Front 45mm – Rear 45mm,Lowering Springs,159.99,SEAT IBIZA STATION 1.2/1.2TSI/1.4 - 6j - 05/2010+,https://www.gravityperformance.co.uk/wp-content/uploads/2022/10/Grav_Spring.jpg,https://www.gravityperformance.co.uk/lowering-springs/seat-ibiza-station-1-2-1-2tsi-1-4-6j-lowering-springs-front-45mm-rear-45mm/
Toyota Celica 2.0 T20 – Lowering Springs – Front 40mm – Rear 40mm,Lowering Springs,209.99,TOYOTA CELICA 2.0 - T20 - 03/1994 to 11/1999,https://www.gravityperformance.co.uk/wp-content/uploads/2022/10/Grav_Spring.jpg,https://www.gravityperformance.co.uk/lowering-springs/toyota-celica-2-0-t20-lowering-springs-front-40mm-rear-40mm/
Seat Ibiza 1.2 | 1.2TSI | 1.4 | 1.6 6J – Lowering Springs – Front 20mm – Rear 20mm,Lowering Springs,159.99,SEAT IBIZA 1.2/1.2TSI/1.4/1.6 - 6j - 03/2008+,https://www.gravityperformance.co.uk/wp-content/uploads/2022/10/Grav_Spring.jpg,https://www.gravityperformance.co.uk/lowering-springs/seat-ibiza-1-2-1-2tsi-1-4-1-6-6j-lowering-springs-front-20mm-rear-20mm/
Seat Toledo 1.4TSI | 1.6TDI Nh – Lowering Springs – Front 30mm – Rear 40mm,Lowering Springs,169.99,SEAT TOLEDO 1.4TSI/1.6TDI - NH - 07/2012+,https://www.gravityperformance.co.uk/wp-content/uploads/2022/10/Grav_Spring.jpg,https://www.gravityperformance.co.uk/lowering-springs/seat-toledo-1-4tsi-1-6tdi-nh-lowering-springs-front-30mm-rear-40mm/
Vauxhall Astra 2.0T | 1.7CDTI | 1.9CDTI (Not For Ids) H – Lowering Springs – Front 45mm – Rear 45mm,Lowering Springs,179.99,OPEL/ VAUXHALL ASTRA 2.0T/1.7CDTi/1.9CDTi (not for IDS) - H - 2004 to 10/2009,https://www.gravityperformance.co.uk/wp-content/uploads/2022/10/Grav_Spring.jpg,https://www.gravityperformance.co.uk/lowering-springs/opel-astra-2-0t-1-7cdti-1-9cdti-not-for-ids-h-lowering-springs-front-45mm-rear-45mm/
Mini Cooper R50 – Lowering Springs – Front 25mm – Rear 25mm,Lowering Springs,149.99,MINI COOPER - R50 - 2001 to 03/2002,https://www.gravityperformance.co.uk/wp-content/uploads/2022/10/Grav_Spring.jpg,https://www.gravityperformance.co.uk/lowering-springs/mini-cooper-r50-lowering-springs-front-25mm-rear-25mm/
Seat Leon 1.8Tfsi | 2.0Tfsi | 1.9TDI | 2.0TDI 1P – Lowering Springs – Front 30mm – Rear 30mm,Lowering Springs,179.99,SEAT LEON 1.8TFSI/2.0TFSI/1.9TDI/2.0TDI - 1P - 08/2005 to 01/2013,https://www.gravityperformance.co.uk/wp-content/uploads/2022/10/Grav_Spring.jpg,https://www.gravityperformance.co.uk/lowering-springs/seat-leon-1-8tfsi-2-0tfsi-1-9tdi-2-0tdi-1p-lowering-springs-front-30mm-rear-30mm/
Skoda Fabia Rs 1.4TSI – Lowering Springs – Front 40mm – Rear 40mm,Lowering Springs,159.99,SKODA FABIA RS 1.4TSI - 05/2010+,https://www.gravityperformance.co.uk/wp-content/uploads/2022/10/Grav_Spring.jpg,https://www.gravityperformance.co.uk/lowering-springs/skoda-fabia-rs-1-4tsi-lowering-springs-front-40mm-rear-40mm/
Vauxhall Astra GTC 1.4T Manual Gear P-J – Lowering Springs – Front 20mm – Rear 20mm,Lowering Springs,179.99,OPEL/ VAUXHALL ASTRA GTC 1.4T MANUAL GEAR - P-j - 10/2011+,https://www.gravityperformance.co.uk/wp-content/uploads/2022/10/Grav_Spring.jpg,https://www.gravityperformance.co.uk/lowering-springs/opel-astra-gtc-1-4t-manual-gear-p-j-lowering-springs-front-20mm-rear-20mm/
Vauxhall Astra GTC 1.4T Manual Gear P-J – Lowering Springs – Front 30mm – Rear 30mm,Lowering Springs,179.99,OPEL/ VAUXHALL ASTRA GTC 1.4T MANUAL GEAR - P-j - 10/2011+,https://www.gravityperformance.co.uk/wp-content/uploads/2022/10/Grav_Spring.jpg,https://www.gravityperformance.co.uk/lowering-springs/opel-astra-gtc-1-4t-manual-gear-p-j-lowering-springs-front-30mm-rear-30mm/
Mercedes SLk 350 | 250CDI W172 – Lowering Springs – Front 30mm – Rear 30mm,Lowering Springs,179.99,slK 350/250CDi - W172 - 02/2011+,https://www.gravityperformance.co.uk/wp-content/uploads/2022/10/Grav_Spring.jpg,https://www.gravityperformance.co.uk/lowering-springs/slk-350-250cdi-w172-lowering-springs-front-30mm-rear-30mm/
Vauxhall Insignia Sports Tourer 2.0T | 2.0CDTI | 2.0CDTI BI-Power 0G-A – Lowering Springs – Front 30mm – Rear 25mm,Lowering Springs,199.99,OPEL/ VAUXHALL INSIGNIA SPORTS TOURER 2.0T/2.0CDTi/2.0CDTi BI-POWER - 0G-A - 2014+,https://www.gravityperformance.co.uk/wp-content/uploads/2022/10/Grav_Spring.jpg,https://www.gravityperformance.co.uk/lowering-springs/opel-insignia-sports-tourer-2-0t-2-0cdti-2-0cdti-bi-power-0g-a-lowering-springs-front-30mm-rear-25mm/
Mini One R50 – Lowering Springs – Front 30mm – Rear 30mm,Lowering Springs,179.99,MINI ONE - R50 - 2001 to 03/2002,https://www.gravityperformance.co.uk/wp-content/uploads/2022/10/Grav_Spring.jpg,https://www.gravityperformance.co.uk/lowering-springs/mini-one-r50-lowering-springs-front-30mm-rear-30mm/
Mini One + Cooper R50 – Lowering Springs – Front 45mm – Rear 45mm,Lowering Springs,169.99,MINI ONE + COOPER - R50 - 2001 to 03/2002,https://www.gravityperformance.co.uk/wp-content/uploads/2022/10/Grav_Spring.jpg,https://www.gravityperformance.co.uk/lowering-springs/mini-one-cooper-r50-lowering-springs-front-45mm-rear-45mm/
Vauxhall Corsa C 1.4 | 1.8 | 1.3CDTI | 1.7Di+DTI C – Lowering Springs – Front 30mm – Rear 30mm,Lowering Springs,159.99,OPEL/ VAUXHALL CORSA C 1.4/1.8/1.3CDTi/1.7Di+DTi - C - 2001 to 08/2006,https://www.gravityperformance.co.uk/wp-content/uploads/2022/10/Grav_Spring.jpg,https://www.gravityperformance.co.uk/lowering-springs/opel-corsa-c-1-4-1-8-1-3cdti-1-7di-dti-c-lowering-springs-front-30mm-rear-30mm/
Mini One + Cooper + Dsl R50 – Lowering Springs – Front 30mm – Rear 30mm,Lowering Springs,129.99,MINI ONE + COOPER + Dsl - R50 - 04/2002 to 03/2007,https://www.gravityperformance.co.uk/wp-content/uploads/2022/10/Grav_Spring.jpg,https://www.gravityperformance.co.uk/lowering-springs/mini-one-cooper-dsl-r50-lowering-springs-front-30mm-rear-30mm/
Vauxhall Astra 1.6 | 1.8 Cabrio Twintop H – Lowering Springs – Front 30mm – Rear 25mm,Lowering Springs,179.99,OPEL/ VAUXHALL ASTRA 1.6/1.8 CABRIO TWINTOP - H - 09/2005 to 04/2011,https://www.gravityperformance.co.uk/wp-content/uploads/2022/10/Grav_Spring.jpg,https://www.gravityperformance.co.uk/lowering-springs/opel-astra-1-6-1-8-cabrio-twintop-h-lowering-springs-front-30mm-rear-25mm/
Mini Cooper S | Cooper SD R56 | Mini-N – Lowering Springs – Front 30mm – Rear 30mm,Lowering Springs,169.99,MINI COOPER S/COOPER SD - R56/MINI-N - 12/2006+,https://www.gravityperformance.co.uk/wp-content/uploads/2022/10/Grav_Spring.jpg,https://www.gravityperformance.co.uk/lowering-springs/mini-cooper-s-cooper-sd-r56-mini-n-lowering-springs-front-30mm-rear-30mm/
Vauxhall Astra GTC 1.4T Automatic Gear | 1.6T | 1.7CDTI P-J – Lowering Springs – Front 30mm – Rear 30mm,Lowering Springs,179.99,OPEL/ VAUXHALL ASTRA GTC 1.4T AUTOMATIC GEAR/1.6T/1.7CDTi - P-j - 10/2011+,https://www.gravityperformance.co.uk/wp-content/uploads/2022/10/Grav_Spring.jpg,https://www.gravityperformance.co.uk/lowering-springs/opel-astra-gtc-1-4t-automatic-gear-1-6t-1-7cdti-p-j-lowering-springs-front-30mm-rear-30mm/
Mini Cooper S R53 – Lowering Springs – Front 30mm – Rear 30mm,Lowering Springs,139.99,MINI COOPER S - R53 - 03/2002 to 09/2006,https://www.gravityperformance.co.uk/wp-content/uploads/2022/10/Grav_Spring.jpg,https://www.gravityperformance.co.uk/lowering-springs/mini-cooper-s-r53-lowering-springs-front-30mm-rear-30mm/
Mini Clubman Cooper S | Cooper SD R55 | Mini-N – Lowering Springs – Front 30mm – Rear 25mm,Lowering Springs,169.99,MINI CLUBMAN COOPER S/COOPER SD - R55/MINI-N - 2007+,https://www.gravityperformance.co.uk/wp-content/uploads/2022/10/Grav_Spring.jpg,https://www.gravityperformance.co.uk/lowering-springs/mini-clubman-cooper-s-cooper-sd-r55-mini-n-lowering-springs-front-30mm-rear-25mm/
Opel Vauxhall Vectra A 2.0 16v 4×4 88-95 – Lowering Springs – Front 60mm – Rear 60mm,Lowering Springs,179.99,OPEL VECTRA A 2000/4X4/GL4X4/GLS4X4+16V - 10/1988 to 1995,https://www.gravityperformance.co.uk/wp-content/uploads/2022/10/Grav_Spring.jpg,https://www.gravityperformance.co.uk/lowering-springs/opel-vauxhall-vectra-a-2-0-16v-4x4-88-95-lowering-springs-front-60mm-rear-60mm/
Mini Coupe Cooper S | Cooper SD R58 – Lowering Springs – Front 25mm – Rear 25mm,Lowering Springs,169.99,MINI COUPE COOPER S/COOPER SD - R58 - 07/2011+,https://www.gravityperformance.co.uk/wp-content/uploads/2022/10/Grav_Spring.jpg,https://www.gravityperformance.co.uk/lowering-springs/mini-coupe-cooper-s-cooper-sd-r58-lowering-springs-front-25mm-rear-25mm/
Mini Countryman One | Cooper | Cooper D | Cooper S | Cooper SD (2Wd) R60 – Lowering Springs – Front 35mm – Rear 35mm,Lowering Springs,179.99,MINI COUNTRYMAN ONE/COOPER/COOPER D/COOPER S/COOPER SD (2WD) - R60 - 06/2010+,https://www.gravityperformance.co.uk/wp-content/uploads/2022/10/Grav_Spring.jpg,https://www.gravityperformance.co.uk/lowering-springs/mini-countryman-one-cooper-cooper-d-cooper-s-cooper-sd-2wd-r60-lowering-springs-front-35mm-rear-35mm/
Vauxhall Astra GTC 2.0CDTI | 2.0CDTI BI-Turbo P-J – Lowering Springs – Front 30mm – Rear 30mm,Lowering Springs,199.99,OPEL/ VAUXHALL ASTRA GTC 2.0CDTi/2.0CDTi BI-TURBO - P-j - 10/2011+,https://www.gravityperformance.co.uk/wp-content/uploads/2022/10/Grav_Spring.jpg,https://www.gravityperformance.co.uk/lowering-springs/opel-astra-gtc-2-0cdti-2-0cdti-bi-turbo-p-j-lowering-springs-front-30mm-rear-30mm/
Mini One + Cooper + Dsl R56 | Mini-N – Lowering Springs – Front 30mm – Rear 30mm,Lowering Springs,169.99,MINI ONE + COOPER + Dsl - R56/MINI-N - 12/2006+,https://www.gravityperformance.co.uk/wp-content/uploads/2022/10/Grav_Spring.jpg,https://www.gravityperformance.co.uk/lowering-springs/mini-one-cooper-dsl-r56-mini-n-lowering-springs-front-30mm-rear-30mm/
Vauxhall Corsa 1.0 | 1.2 | 1.4 D – Lowering Springs – Front 30mm – Rear 20mm,Lowering Springs,159.99,OPEL/ VAUXHALL CORSA 1.0/1.2/1.4 - D - 2006+,https://www.gravityperformance.co.uk/wp-content/uploads/2022/10/Grav_Spring.jpg,https://www.gravityperformance.co.uk/lowering-springs/opel-corsa-1-0-1-2-1-4-d-lowering-springs-front-30mm-rear-20mm/
Vauxhall Corsa 1.0 | 1.2 | 1.4 D – Lowering Springs – Front 40mm – Rear 30mm,Lowering Springs,169.99,OPEL/ VAUXHALL CORSA 1.0/1.2/1.4 - D - 2006+,https://www.gravityperformance.co.uk/wp-content/uploads/2022/10/Grav_Spring.jpg,https://www.gravityperformance.co.uk/lowering-springs/opel-corsa-1-0-1-2-1-4-d-lowering-springs-front-40mm-rear-30mm/
Vauxhall Corsa 1.3CDTI | 1.7CDTI D – Lowering Springs – Front 40mm – Rear 30mm,Lowering Springs,169.99,OPEL/ VAUXHALL CORSA 1.3CDTi/1.7CDTi - D - 2006+,https://www.gravityperformance.co.uk/wp-content/uploads/2022/10/Grav_Spring.jpg,https://www.gravityperformance.co.uk/lowering-springs/opel-corsa-1-3cdti-1-7cdti-d-lowering-springs-front-40mm-rear-30mm/
Vauxhall Insignia Sedan + Hatchback 2.0T | 2.0CDTI | 2.0CDTI BI-Power 0G-A 08 – Lowering Springs – Front 30mm – Rear 30mm,Lowering Springs,169.99,OPEL/ VAUXHALL INSIGNIA SEDAN + HATCHBACK 2.0T/2.0CDTi/2.0CDTi BI-POWER - 0G-A - 07/2008+,https://www.gravityperformance.co.uk/wp-content/uploads/2022/10/Grav_Spring.jpg,https://www.gravityperformance.co.uk/lowering-springs/opel-insignia-sedan-hatchback-2-0t-2-0cdti-2-0cdti-bi-power-0g-a-08-lowering-springs-front-30mm-rear-30mm/
Mini Clubman One | Cooper | Dsl R55 | Mini-N – Lowering Springs – Front 30mm – Rear 25mm,Lowering Springs,169.99,MINI CLUBMAN ONE/COOPER/Dsl - R55/MINI-N - 2007+,https://www.gravityperformance.co.uk/wp-content/uploads/2022/10/Grav_Spring.jpg,https://www.gravityperformance.co.uk/lowering-springs/mini-clubman-one-cooper-dsl-r55-mini-n-lowering-springs-front-30mm-rear-25mm/
Mini Countryman One | Cooper | Cooper D | Cooper S | Cooper SD | (2Wd) R60 – Lowering Springs – Front 40mm – Rear 40mm,Lowering Springs,139.99,MINI COUNTRYMAN ONE/COOPER/COOPER D/COOPER S/COOPER SD | (2WD) - R60 - 06/2010+,https://www.gravityperformance.co.uk/wp-content/uploads/2022/10/Grav_Spring.jpg,https://www.gravityperformance.co.uk/lowering-springs/mini-countryman-one-cooper-cooper-d-cooper-s-cooper-sd-2wd-r60-lowering-springs-front-40mm-rear-40mm/
Vauxhall Insignia Sedan + Hatchback 2.0T | 2.0CDTI | 2.0CDTI BI-Power – 40mm Lowering Springs,Lowering Springs,179.99,Vauxhall / Opel Insignia sedan + hatchback 2.0T / 2.0CDTI / 2.0CDTI BI-Power - 07/2008+ models,https://www.gravityperformance.co.uk/wp-content/uploads/2022/10/Grav_Spring.jpg,https://www.gravityperformance.co.uk/lowering-springs/opel-insignia-sedan-hatchback-2-0t-2-0cdti-2-0cdti-bi-power-0g-a-lowering-springs-front-40mm-rear-40mm/
Mercedes C-Class Station C280 | C300 | C350 | C180CDI | C200CDI | C220CDI W204 – Lowering Springs – Front 25mm – Rear 25mm,Lowering Springs,199.99,C-CLASS STATION C280/C300/C350/C180CDi/C200CDi/C220CDi - W204 - 02/2007+,https://www.gravityperformance.co.uk/wp-content/uploads/2022/10/Grav_Spring.jpg,https://www.gravityperformance.co.uk/lowering-springs/c-class-station-c280-c300-c350-c180cdi-c200cdi-c220cdi-w204-lowering-springs-front-25mm-rear-25mm/
Mazda MX5 1.6 | 1.8 Na | Nb – Lowering Springs – Front 45mm – Rear 45mm,Lowering Springs,139.99,MAZDA MX5 1.6/1.8 - NA/NB - 09/1989 to 10/2005,https://www.gravityperformance.co.uk/wp-content/uploads/2022/10/Grav_Spring.jpg,https://www.gravityperformance.co.uk/lowering-springs/mazda-mx5-1-6-1-8-na-nb-lowering-springs-front-45mm-rear-45mm/
Mercedes A-Class A250 | A180CDI(1.8) | A200CDI | A220CDI W176 – Lowering Springs – Front 25mm – Rear 25mm,Lowering Springs,159.99,A-CLASS A250/A180CDi(1.8)/A200CDi/A220CDi - W176 - 07/2012+,https://www.gravityperformance.co.uk/wp-content/uploads/2022/10/Grav_Spring.jpg,https://www.gravityperformance.co.uk/lowering-springs/a-class-a250-a180cdi-1-8-a200cdi-a220cdi-w176-lowering-springs-front-25mm-rear-25mm/
Mercedes A-Class A250 | A180CDI(1.8) | A200CDI | A220CDI W176 – Lowering Springs – Front 35mm – Rear 35mm,Lowering Springs,159.99,A-CLASS A250/A180CDi(1.8)/A200CDi/A220CDi - W176 - 07/2012+ Please Note: These lowering springs are not suitable for vehicles with factory sport suspension / AMG-sport Suspension,https://www.gravityperformance.co.uk/wp-content/uploads/2022/10/Grav_Spring.jpg,https://www.gravityperformance.co.uk/lowering-springs/a-class-a250-a180cdi-1-8-a200cdi-a220cdi-w176-lowering-springs-front-35mm-rear-35mm/
Mercedes C-Class Sport Coupe C160 | C180 | C180Kompr. | C200Kompr | C230Kompr | C220CDI W203 – Lowering Springs – Front 20mm – Rear 20mm,Lowering Springs,219.99,C-CLASS SPORT COUPE C160/C180/C180KOMPR./C200KOMPR/C230KOMPR/C220CDi - W203 - 03/2001 to 06/2011,https://www.gravityperformance.co.uk/wp-content/uploads/2022/10/Grav_Spring.jpg,https://www.gravityperformance.co.uk/lowering-springs/c-class-sport-coupe-c160-c180-c180kompr-c200kompr-c230kompr-c220cdi-w203-lowering-springs-front-20mm-rear-20mm/
Mazda MX5 1.6 | 1.8 Na | Nb – Lowering Springs – Front 30mm – Rear 30mm,Lowering Springs,169.99,MAZDA MX5 1.6/1.8 - NA/NB - 09/1989 to 10/2005,https://www.gravityperformance.co.uk/wp-content/uploads/2022/10/Grav_Spring.jpg,https://www.gravityperformance.co.uk/lowering-springs/mazda-mx5-1-6-1-8-na-nb-lowering-springs-front-30mm-rear-30mm/
Mercedes C-Class Coupe C350 | 220CDI | 250CDI C204 – Lowering Springs – Front 35mm – Rear 35mm,Lowering Springs,199.99,C-CLASS COUPE C350/220CDi/250CDi - C204 - 06/2011+,https://www.gravityperformance.co.uk/wp-content/uploads/2022/10/Grav_Spring.jpg,https://www.gravityperformance.co.uk/lowering-springs/c-class-coupe-c350-220cdi-250cdi-c204-lowering-springs-front-35mm-rear-35mm/
Lexus Is300H Hybrid – Lowering Springs – Front 30mm – Rear 25mm,Lowering Springs,169.99,LEXUS IS 300H HYBRID - 04/2013+,https://www.gravityperformance.co.uk/wp-content/uploads/2022/10/Grav_Spring.jpg,https://www.gravityperformance.co.uk/lowering-springs/lexus-is300h-hybrid-lowering-springs-front-30mm-rear-25mm/
Mercedes A-Class A180CDI | A200 | A160CDI | A180CDI(1.5) W176 – Lowering Springs – Front 25mm – Rear 25mm,Lowering Springs,159.99,A-CLASS A180CDi/A200/A160CDi/A180CDi(1.5) - W176 - 07/2012+,https://www.gravityperformance.co.uk/wp-content/uploads/2022/10/Grav_Spring.jpg,https://www.gravityperformance.co.uk/lowering-springs/a-class-a180cdi-a200-a160cdi-a180cdi-1-5-w176-lowering-springs-front-25mm-rear-25mm/
Mazda Rx8 – Lowering Springs – Front 25mm – Rear 25mm,Lowering Springs,169.99,MAZDA RX8 - 2003 to 06/2012,https://www.gravityperformance.co.uk/wp-content/uploads/2022/10/Grav_Spring.jpg,https://www.gravityperformance.co.uk/lowering-springs/mazda-rx8-lowering-springs-front-25mm-rear-25mm/
Vauxhall Insignia Sedan + Hatchback 1.6 | 1.8 | 1.4T | 1.6T | 1.4T BI-Fuel 0G-A – Lowering Springs – Front 40mm – Rear 40mm,Lowering Springs,179.99,OPEL/ VAUXHALL INSIGNIA SEDAN + HATCHBACK 1.6/1.8/1.4T/1.6T/1.4T BI-FUEL - 0G-A - 07/2008+,https://www.gravityperformance.co.uk/wp-content/uploads/2022/10/Grav_Spring.jpg,https://www.gravityperformance.co.uk/lowering-springs/opel-insignia-sedan-hatchback-1-6-1-8-1-4t-1-6t-1-4t-bi-fuel-0g-a-lowering-springs-front-40mm-rear-40mm/
Mercedes A-Class A180CDI | A200 | A160CDI | A180CDI(1.5) W176 – Lowering Springs – Front 35mm – Rear 35mm,Lowering Springs,159.99,A-CLASS A180CDi/A200/A160CDi/A180CDi(1.5) - W176 - 07/2012+,"https://www.gravityperformance.co.uk/wp-content/uploads/2022/10/Grav_Spring.jpg, https://www.gravityperformance.co.uk/wp-content/uploads/2022/10/products-httpsi.ebayimg.comimagesgvboaaoswozpa30z4s-l1600.jpg",https://www.gravityperformance.co.uk/lowering-springs/a-class-a180cdi-a200-a160cdi-a180cdi-1-5-w176-lowering-springs-front-35mm-rear-35mm/
BMW E46 M3 Coupe + Cabrio – Lowering Springs – Front 30mm Rear 20mm,Lowering Springs,219.99,BMW M3 Coupe + Cabrio - E46 - 2000 to 12/2004,https://www.gravityperformance.co.uk/wp-content/uploads/2022/10/Grav_Spring.jpg,https://www.gravityperformance.co.uk/lowering-springs/bmw-m3-coupe-cabrio-e46-lowering-springs-front-30mm-rear-20mm/
Mercedes C-Class Sport Coupe C160 | C180 | C180Kompr. | C200Kompr | C230Kompr | C220CDI W203 – Lowering Springs – Front 30mm – Rear 20mm,Lowering Springs,199.99,C-CLASS SPORT COUPE C160/C180/C180KOMPR./C200KOMPR/C230KOMPR/C220CDi - W203 - 03/2001 to 06/2011,https://www.gravityperformance.co.uk/wp-content/uploads/2022/10/Grav_Spring.jpg,https://www.gravityperformance.co.uk/lowering-springs/c-class-sport-coupe-c160-c180-c180kompr-c200kompr-c230kompr-c220cdi-w203-lowering-springs-front-30mm-rear-20mm/
Range Rover Evoque 4WD 2.0 SI4 | 2.2 TD4 | 2.2 SD4 Lv – Lowering Springs – Front 35mm – Rear 35mm,Lowering Springs,209.99,RANGE ROVER EVOQUE 4WD 2.0 SI4/2.2 TD4/2.2 SD4 - LV - 04/2011+,https://www.gravityperformance.co.uk/wp-content/uploads/2022/10/Grav_Spring.jpg,https://www.gravityperformance.co.uk/lowering-springs/range-rover-evoque-4wd-2-0-si4-2-2-td4-2-2-sd4-lv-lowering-springs-front-35mm-rear-35mm/
Range Rover Evoque 4WD 2.0 SI4 | 2.2 TD4 | 2.2 SD4 Lv – Lowering Springs – Front 45mm – Rear 45mm,Lowering Springs,209.99,RANGE ROVER EVOQUE 4WD 2.0 SI4/2.2 TD4/2.2 SD4 - LV - 04/2011+,https://www.gravityperformance.co.uk/wp-content/uploads/2022/10/Grav_Spring.jpg,https://www.gravityperformance.co.uk/lowering-springs/range-rover-evoque-4wd-2-0-si4-2-2-td4-2-2-sd4-lv-lowering-springs-front-45mm-rear-45mm/
Mazda 3 Hatchback Mps Bl – Lowering Springs – Front 30mm – Rear 30mm,Lowering Springs,169.99,MAZDA 3 HATCHBACK MPS - BL - 06/2009 to 2013,https://www.gravityperformance.co.uk/wp-content/uploads/2022/10/Grav_Spring.jpg,https://www.gravityperformance.co.uk/lowering-springs/mazda-3-hatchback-mps-bl-lowering-springs-front-30mm-rear-30mm/
BMW 3 Series Sedan 316I | 318I | 320I E90 – Lowering Springs – Front 45mm Rear 30mm,Lowering Springs,179.99,BMW 3 Series Sedan 316i/318i/320i - E90 - 2005 to 02/2012,https://www.gravityperformance.co.uk/wp-content/uploads/2022/10/Grav_Spring.jpg,https://www.gravityperformance.co.uk/lowering-springs/bmw-3-sedan-316i-318i-320i-e90-lowering-springs-front-45mm-rear-30mm/
Audi 80 | 90 Quattro + Coupe 6Cyl 89 – 35mm Lowering Springs,Lowering Springs,199.99,Audi 80/90 Quattro + Coupe 6CYL. - 89 - 10/1986 to 01/1996,https://www.gravityperformance.co.uk/wp-content/uploads/2022/10/Grav_Spring.jpg,https://www.gravityperformance.co.uk/lowering-springs/audi-80-90-quattro-coupe-6cyl-89-lowering-springs-front-35mm-rear-35mm/
BMW 3 Series Touring+Cabrio 330D E46 – Lowering Springs – Front 50mm Rear 40mm,Lowering Springs,199.99,BMW 3 Touring+Cabrio 330D - E46 - 2000 to 12/2004,https://www.gravityperformance.co.uk/wp-content/uploads/2022/10/Grav_Spring.jpg,https://www.gravityperformance.co.uk/lowering-springs/bmw-3-touring-cabrio-330d-e46-lowering-springs-front-50mm-rear-40mm/
BMW 5 Sedan 520I | 523I | 528I | 530I | 520D | 525TD | 525TDs E39 – Lowering Springs – Front 35mm – Rear 35mm,Lowering Springs,199.99,BMW 5 SEDAN 520i/523i/528i/530i/520D/525TD/525TDS - E39 - 12/1995 to 06/2003,https://www.gravityperformance.co.uk/wp-content/uploads/2022/10/Grav_Spring.jpg,https://www.gravityperformance.co.uk/lowering-springs/bmw-5-sedan-520i-523i-528i-530i-520d-525td-525tds-e39-lowering-springs-front-35mm-rear-35mm/
BMW 6 628Csi+635Csi E24 – Lowering Springs – Front 35mm – Rear 35mm,Lowering Springs,179.99,BMW 6 628CSI+635CSI - E24 - 06/1982 to 1990,https://www.gravityperformance.co.uk/wp-content/uploads/2022/10/Grav_Spring.jpg,https://www.gravityperformance.co.uk/lowering-springs/bmw-6-628csi-635csi-e24-lowering-springs-front-35mm-rear-35mm/
Audi 80 Avant 1.6 | 1.9 TDI | 2.0 4Cyl B4 – 40mm Lowering Springs,Lowering Springs,199.99,Audi 80 Avant 1.6/1.9TDI/2.0 4CYL. - B4 - 09/1992 to 12/1995,https://www.gravityperformance.co.uk/wp-content/uploads/2022/10/Grav_Spring.jpg,https://www.gravityperformance.co.uk/lowering-springs/audi-80-avant-1-6-1-9tdi-2-0-4cyl-b4-lowering-springs-front-40mm-rear-40mm/
BMW Z4 Roadster 18I | 20I | 23I | 28I | 30I E89 – Lowering Springs – Front 30mm – Rear 25mm,Lowering Springs,179.99,BMW Z4 ROADSTER 18i/20i/23i/28i/30i - E89 - 04/2009+,https://www.gravityperformance.co.uk/wp-content/uploads/2022/10/Grav_Spring.jpg,https://www.gravityperformance.co.uk/lowering-springs/bmw-z4-roadster-18i-20i-23i-28i-30i-e89-lowering-springs-front-30mm-rear-25mm/
BMW 5 Sedan 525D | 530D E39 – Lowering Springs – Front 40mm – Rear 40mm,Lowering Springs,199.99,BMW 5 SEDAN 525D/530D - E39 - 12/1995 to 06/2003,https://www.gravityperformance.co.uk/wp-content/uploads/2022/10/Grav_Spring.jpg,https://www.gravityperformance.co.uk/lowering-springs/bmw-5-sedan-525d-530d-e39-lowering-springs-front-40mm-rear-40mm/
BMW 5 Sedan 550 F10 – Lowering Springs – Front 40mm – Rear 35mm,Lowering Springs,199.99,BMW 5 SEDAN 550 - F10 - 03/2010+,https://www.gravityperformance.co.uk/wp-content/uploads/2022/10/Grav_Spring.jpg,https://www.gravityperformance.co.uk/lowering-springs/bmw-5-sedan-550-f10-lowering-springs-front-40mm-rear-35mm/
BMW 5 Sedan 520 | 523 | 528 | 530 | 518D | 520D F10 – Lowering Springs – Front 30mm – Rear 25mm,Lowering Springs,199.99,BMW 5 SEDAN 520/523/528/530/518D/520D - F10 - 03/2010+,https://www.gravityperformance.co.uk/wp-content/uploads/2022/10/Grav_Spring.jpg,https://www.gravityperformance.co.uk/lowering-springs/bmw-5-sedan-520-523-528-530-518d-520d-f10-lowering-springs-front-30mm-rear-25mm/
BMW 3 Series Sedan+Coupe 330D E46 – Lowering Springs – Front 40mm – Rear 30mm,Lowering Springs,199.99,BMW 3 Sedan+Coupe 330D - E46 - 2000 to 12/2004,https://www.gravityperformance.co.uk/wp-content/uploads/2022/10/Grav_Spring.jpg,https://www.gravityperformance.co.uk/lowering-springs/bmw-3-sedan-coupe-330d-e46-lowering-springs-front-40mm-rear-30mm/
BMW 3 Series Coupe 335I | 330D E92 – Lowering Springs – Front 35mm – Rear 25mm,Lowering Springs,199.99,BMW 3 COUPE 335i/330D - E92 - 06/2006 to 10/2013,https://www.gravityperformance.co.uk/wp-content/uploads/2022/10/Grav_Spring.jpg,https://www.gravityperformance.co.uk/lowering-springs/bmw-3-series-coupe-335i-330d-e92-lowering-springs-front-35mm-rear-25mm/
BMW 6 Coupe + Cabrio 630I E63 | E64 – Lowering Springs – Front 30mm – Rear 25mm,Lowering Springs,199.99,BMW 6 COUPE + CABRIO 630i - E63/E64 - 2004 to 01/2011,https://www.gravityperformance.co.uk/wp-content/uploads/2022/10/Grav_Spring.jpg,https://www.gravityperformance.co.uk/lowering-springs/bmw-6-coupe-cabrio-630i-e63-e64-lowering-springs-front-30mm-rear-25mm/
BMW 5 Sedan 535 | 525D | 530D | 535D F10 – Lowering Springs – Front 30mm – Rear 25mm,Lowering Springs,199.99,BMW 5 SEDAN 535/525D/530D/535D - F10 - 03/2010+,https://www.gravityperformance.co.uk/wp-content/uploads/2022/10/Grav_Spring.jpg,https://www.gravityperformance.co.uk/lowering-springs/bmw-5-sedan-535-525d-530d-535d-f10-lowering-springs-front-30mm-rear-25mm/
BMW Z3 Roadster + Coupe 6Cyl. – Lowering Springs – Front 30mm – Rear 30mm,Lowering Springs,179.99,BMW Z3 ROADSTER + COUPE 6CYL. - 09/1998 to 01/2003,https://www.gravityperformance.co.uk/wp-content/uploads/2022/10/Grav_Spring.jpg,https://www.gravityperformance.co.uk/lowering-springs/bmw-z3-roadster-coupe-6cyl-lowering-springs-front-30mm-rear-30mm/
BMW 5 Series Touring 525D | 530D | 535D | 545I | 550I E61 – Lowering Springs – Front 30mm,Lowering Springs,149.99,BMW 5 TOURING 525D/530D/535D/545i/550i - E61 - 06/2004 to 05/2010,https://www.gravityperformance.co.uk/wp-content/uploads/2022/10/Grav_Spring.jpg,https://www.gravityperformance.co.uk/lowering-springs/bmw-5-touring-525d-530d-535d-545i-550i-e60-lowering-springs-front-30mm/
BMW E36 M3 | B 3.2 – 25mm Lowering Springs,Lowering Springs,179.99,BMW M3/B 3.2 - E36 - 04/1996 to 1998,https://www.gravityperformance.co.uk/wp-content/uploads/2022/10/Grav_Spring.jpg,https://www.gravityperformance.co.uk/lowering-springs/bmw-m3-b-3-2-e36-lowering-springs-front-25mm-rear-25mm/
BMW 3 Series Coupe 335D E92 – Lowering Springs – Front 40mm – Rear 25mm,Lowering Springs,199.99,BMW 3 COUPE 335D - E92 - 06/2006 to 10/2013,https://www.gravityperformance.co.uk/wp-content/uploads/2022/10/Grav_Spring.jpg,https://www.gravityperformance.co.uk/lowering-springs/bmw-3-series-coupe-335d-e92-lowering-springs-front-40mm-rear-25mm/
BMW 5 Sedan 535 | 525D | 530D | 535D F10 – Lowering Springs – Front 40mm – Rear 35mm,Lowering Springs,179.99,"A set of Front 40mm, Rear 35mm Lowering Springs for the BMW 5 Sedan 535 | 525D | 530D | 535D F10 is one of the easiest ways to significantly improve the looks and handling characteristics of your car. A simple, but hugely effective modification. Lowering your vehicles ride height reduces weight transfer under hard acceleration and braking, whilst also reducing body roll and drastically improving your cars visual appeal. Better still, Lowering Springs feature progressive rates, so you won't be forfeiting comfort in pursuit of performance. Our Springs offer: Lower Centre of Gravity | Improved looks | Progressive Spring Rates | Corrosion Resistant Red Coating | Excellent Value for Money | 5-Year Warranty.",https://www.gravityperformance.co.uk/wp-content/uploads/2019/02/DIRSP-01-SMALL.jpg,https://www.gravityperformance.co.uk/lowering-springs/bmw-5-sedan-535-525d-530d-535d-f10-lowering-springs-front-40mm-rear-35mm/
BMW Z4 Roadster + Coupe 2.2 | 2.5 | 3.0 E85 – Lowering Springs – Front 30mm – Rear 30mm,Lowering Springs,179.99,BMW Z4 ROADSTER + COUPE 2.2/2.5/3.0 - Z85 - 2003 to 04/2009,https://www.gravityperformance.co.uk/wp-content/uploads/2022/10/Grav_Spring.jpg,https://www.gravityperformance.co.uk/lowering-springs/bmw-z4-roadster-coupe-2-2-2-5-3-0-e85-lowering-springs-front-30mm-rear-30mm/
"BMW 7 725TDs | 728I | 730I | 735I | 740I | 750I (With Leveladjustment, Only Va) E38 – Lowering Springs – Front 35mm – Rear 35mm",Lowering Springs,229.99,"BMW 7 725TDS/728i/730i/735i/740i/750i (with leveladjustment, only VA) - E38 - 06/1994 to 11/2001",https://www.gravityperformance.co.uk/wp-content/uploads/2022/10/Grav_Spring.jpg,https://www.gravityperformance.co.uk/lowering-springs/bmw-7-725tds-728i-730i-735i-740i-750i-with-leveladjustment-only-va-e38-lowering-springs-front-35mm-rear-35mm/
BMW Z3 M-Coupe – Lowering Springs – Front 30mm – Rear 30mm,Lowering Springs,179.99,BMW Z3 M-COUPE - 08/1998 to 06/2003,https://www.gravityperformance.co.uk/wp-content/uploads/2022/10/Grav_Spring.jpg,https://www.gravityperformance.co.uk/lowering-springs/bmw-z3-m-coupe-lowering-springs-front-30mm-rear-30mm/
BMW Z3 M-Roadster Mr | C – Lowering Springs – Front 30mm – Rear 30mm,Lowering Springs,179.99,BMW Z3 M-ROADSTER - MR/C - 1995 to 01/2003,https://www.gravityperformance.co.uk/wp-content/uploads/2022/10/Grav_Spring.jpg,https://www.gravityperformance.co.uk/lowering-springs/bmw-z3-m-roadster-mr-c-lowering-springs-front-30mm-rear-30mm/
BMW 3 Series Touring+Cabrio 330D E46 – Lowering Springs – Front 40mm Rear 30mm,Lowering Springs,179.99,BMW 3 Touring+Cabrio 330D - E46 - 2000 to 12/2004,https://www.gravityperformance.co.uk/wp-content/uploads/2022/10/Grav_Spring.jpg,https://www.gravityperformance.co.uk/lowering-springs/bmw-3-touring-cabrio-330d-e46-lowering-springs-front-40mm-rear-30mm/
BMW 5 Touring 525D | 530D (With Airsuspension) E39 – Lowering Springs – Front 35mm,Lowering Springs,149.99,BMW 5 TOURING 525D/530D (with airsuspension HA) - E39 - 03/1997 to 05/2004,https://www.gravityperformance.co.uk/wp-content/uploads/2022/10/Grav_Spring.jpg,https://www.gravityperformance.co.uk/lowering-springs/bmw-5-touring-525d-530d-with-airsuspension-e39-lowering-springs-front-35mm/
BMW 1 Series Hatchback 114 | 116 | 118 F20 – Lowering Springs – Front 25mm Rear 35mm,Lowering Springs,169.99,BMW 1 Series Hatchback 114/116/118 - F20 - 09/2011+,https://www.gravityperformance.co.uk/wp-content/uploads/2022/10/Grav_Spring.jpg,https://www.gravityperformance.co.uk/lowering-springs/bmw-1-hatchback-114-116-118-f20-lowering-springs-front-25mm-rear-35mm/
BMW 1 Series Coupe 135I E82 – 20mm Lowering Springs,Lowering Springs,179.99,BMW 1 Series Coupe 135i - E82 - 10/2007 to 11/2013,https://www.gravityperformance.co.uk/wp-content/uploads/2022/10/Grav_Spring.jpg,https://www.gravityperformance.co.uk/lowering-springs/bmw-1-series-coupe-135i-e82-20mm-lowering-springs/
BMW 8 850 Ci E31 – Lowering Springs – Front 35mm – Rear 35mm,Lowering Springs,229.99,BMW 8 850 Ci - E31 - 06/1990 to 12/1999,https://www.gravityperformance.co.uk/wp-content/uploads/2022/10/Grav_Spring.jpg,https://www.gravityperformance.co.uk/lowering-springs/bmw-8-850-ci-e31-lowering-springs-front-35mm-rear-35mm/
BMW 3 Sedan 316I | 320I | 328I | 316D | 318D | 320D F30 – Lowering Springs – Front 30mm – Rear 30mm,Lowering Springs,169.99,BMW 3 SEDAN 316i/320i/328i/316D/318D/320D - F30 - 01/2012+,https://www.gravityperformance.co.uk/wp-content/uploads/2022/10/Grav_Spring.jpg,https://www.gravityperformance.co.uk/lowering-springs/bmw-3-sedan-316i-320i-328i-316d-318d-320d-f30-lowering-springs-front-30mm-rear-30mm/
BMW M5 Sedan E39 – Lowering Springs – Front 30mm – Rear 30mm,Lowering Springs,219.99,BMW M5 SEDAN - E39 - 1998+,https://www.gravityperformance.co.uk/wp-content/uploads/2022/10/Grav_Spring.jpg,https://www.gravityperformance.co.uk/lowering-springs/bmw-m5-sedan-e39-lowering-springs-front-30mm-rear-30mm/
BMW 5 Series Sedan 524TD | 525TDs | 525I | 530I E34 – Lowering Springs – Front 50mm – Rear 35mm,Lowering Springs,199.99,BMW 5H SEDAN 524TD/525TDS/525i/530i - E34 - 01/1988 to 12/1995,https://www.gravityperformance.co.uk/wp-content/uploads/2022/10/Grav_Spring.jpg,https://www.gravityperformance.co.uk/lowering-springs/bmw-5-series-sedan-524td-525tds-525i-530i-e34-lowering-springs-front-50mm-rear-35mm/
BMW 1 Series Hatchback 125 | 114D | 116D | 118D | 120D F20 – Lowering Springs – Front 35mm Rear 45mm,Lowering Springs,169.99,BMW 1 Series Hatchback 125/114D/116D/118D/120D - F20 - 09/2011+,https://www.gravityperformance.co.uk/wp-content/uploads/2022/10/Grav_Spring.jpg,https://www.gravityperformance.co.uk/lowering-springs/bmw-1-hatchback-125-114d-116d-118d-120d-f20-lowering-springs-front-35mm-rear-45mm/
BMW 5 Touring 540I (With Airsuspension) E39 – Lowering Springs – Front 35mm,Lowering Springs,149.99,BMW 5 TOURING 540i (with airsuspension HA) - E39 - 03/1997 to 05/2004,https://www.gravityperformance.co.uk/wp-content/uploads/2022/10/Grav_Spring.jpg,https://www.gravityperformance.co.uk/lowering-springs/bmw-5-touring-540i-with-airsuspension-e39-lowering-springs-front-35mm/
BMW X3 3.0D E83 – Lowering Springs – Front 50mm – Rear 30mm,Lowering Springs,179.99,BMW X3 3.0D - E83 - 2004 to 09/2010,https://www.gravityperformance.co.uk/wp-content/uploads/2022/10/Grav_Spring.jpg,https://www.gravityperformance.co.uk/lowering-springs/bmw-x3-3-0d-e83-lowering-springs-front-50mm-rear-30mm/
BMW 1 Series Hatchback 114 | 116 | 118 F20 – Lowering Springs – Front 35mm Rear 45mm,Lowering Springs,169.99,BMW 1 Series Hatchback 114/116/118 - F20 - 09/2011+,https://www.gravityperformance.co.uk/wp-content/uploads/2022/10/Grav_Spring.jpg,https://www.gravityperformance.co.uk/lowering-springs/bmw-1-hatchback-114-116-118-f20-lowering-springs-front-35mm-rear-45mm/
BMW 5 | 1 518 | 520 | I | Se | 524 | D | TD | 525I | 528I | 535I E28 – Lowering Springs – Front 45mm – Rear 35mm,Lowering Springs,179.99,BMW 5/1 518/520/i/SE/524/D/TD/525i/528i/535i - E28 - 06/1981 to 12/1987,https://www.gravityperformance.co.uk/wp-content/uploads/2022/10/Grav_Spring.jpg,https://www.gravityperformance.co.uk/lowering-springs/bmw-5-1-518-520-i-se-524-d-td-525i-528i-535i-e28-lowering-springs-front-45mm-rear-35mm/
BMW 3 Cabrio 325I | 320D E93 – Lowering Springs – Front 45mm – Rear 30mm,Lowering Springs,199.99,BMW 3 CABRIO 325i/320D - E93 - 08/2006 to 12/2013,https://www.gravityperformance.co.uk/wp-content/uploads/2022/10/Grav_Spring.jpg,https://www.gravityperformance.co.uk/lowering-springs/bmw-3-cabrio-325i-320d-e93-lowering-springs-front-45mm-rear-30mm/
BMW X5 4.4I | 4.6Is | 3.0D (With Airsuspension) E53 – Lowering Springs – Front 30mm,Lowering Springs,159.99,BMW X5 4.4i/4.6iS/3.0D (with airsuspension HA) - E53 - 2000 to 02/2007,https://www.gravityperformance.co.uk/wp-content/uploads/2022/10/Grav_Spring.jpg,https://www.gravityperformance.co.uk/lowering-springs/bmw-x5-4-4i-4-6is-3-0d-with-airsuspension-e53-lowering-springs-front-30mm/
BMW 3 Series 316 | 318 E30 – 60mm Lowering Springs,Lowering Springs,179.99,BMW 3/1 316/318 - E30 - 11/1982 to 12/1990,https://www.gravityperformance.co.uk/wp-content/uploads/2022/10/Grav_Spring.jpg,https://www.gravityperformance.co.uk/lowering-springs/bmw-3-1-316-318-e30-lowering-springs-front-60mm-rear-60mm/
BMW Z1 89-91 – Lowering Springs – Front 25mm – Rear 25mm,Lowering Springs,179.99,BMW Z1 (HA little fitting) - Z/B - 02/1991 to 1994,https://www.gravityperformance.co.uk/wp-content/uploads/2022/10/Grav_Spring.jpg,https://www.gravityperformance.co.uk/lowering-springs/bmw-z1-ha-little-fitting-z-b-lowering-springs-front-25mm-rear-25mm/
BMW 3 Sedan 316I | 320I | 328I | 316D | 318D | 320D F30 – Lowering Springs – Front 40mm – Rear 40mm,Lowering Springs,169.99,BMW 3 SEDAN 316i/320i/328i/316D/318D/320D - F30 - 01/2012+,https://www.gravityperformance.co.uk/wp-content/uploads/2022/10/Grav_Spring.jpg,https://www.gravityperformance.co.uk/lowering-springs/bmw-3-sedan-316i-320i-328i-316d-318d-320d-f30-lowering-springs-front-40mm-rear-40mm/
Audi A3 Sedan | Sportback 1.8 TFSI S-Tronic | 2.0TDI Multilink 8Vs | 8Va – 40mm Lowering Springs,Lowering Springs,149.99,Audi A3 Sedan/Sportback 1.8TFSI S-Tronic/2.0TDI Multilink - 8VS/8VA - 09/2012+,https://www.gravityperformance.co.uk/wp-content/uploads/2022/10/Grav_Spring.jpg,https://www.gravityperformance.co.uk/lowering-springs/audi-a3-sedan-sportback-1-8tfsi-s-tronic-2-0tdi-multilink-8vs-8va-lowering-springs-front-40mm-rear-40mm/
BMW X5 3.0D E53 – Lowering Springs – Front 30mm – Rear 30mm,Lowering Springs,229.99,BMW X5 3.0D - E53 - 2001 to 02/2007,https://www.gravityperformance.co.uk/wp-content/uploads/2022/10/Grav_Spring.jpg,https://www.gravityperformance.co.uk/lowering-springs/bmw-x5-3-0d-e53-lowering-springs-front-30mm-rear-30mm/
BMW 5 Sedan 520D | 520I | 523I | 525I | 530I E60 – Lowering Springs – Front 30mm – Rear 30mm,Lowering Springs,199.99,BMW 5 SEDAN 520D/520i/523i/525i/530i - E60 - 07/2003 to 03/2010,https://www.gravityperformance.co.uk/wp-content/uploads/2022/10/Grav_Spring.jpg,https://www.gravityperformance.co.uk/lowering-springs/bmw-5-sedan-520d-520i-523i-525i-530i-e60-lowering-springs-front-30mm-rear-30mm/
BMW 3 Cabrio 325D | 330D E93 – Lowering Springs – Front 30mm – Rear 15mm,Lowering Springs,199.99,BMW 3 CABRIO 325D/330D - E93 - 08/2006 to 12/2013,https://www.gravityperformance.co.uk/wp-content/uploads/2022/10/Grav_Spring.jpg,https://www.gravityperformance.co.uk/lowering-springs/bmw-3-cabrio-325d-330d-e93-lowering-springs-front-30mm-rear-15mm/
BMW 5 Sedan 525D | 530D | 535D | 545I E60 – Lowering Springs – Front 30mm – Rear 30mm,Lowering Springs,199.99,BMW 5 SEDAN 525D/530D/535D/545i - E60 - 07/2003 to 03/2010,https://www.gravityperformance.co.uk/wp-content/uploads/2022/10/Grav_Spring.jpg,https://www.gravityperformance.co.uk/lowering-springs/bmw-5-sedan-525d-530d-535d-545i-e60-lowering-springs-front-30mm-rear-30mm/
BMW Z4 Roadster 35I | 35Is E89 – Lowering Springs – Front 30mm – Rear 25mm,Lowering Springs,179.99,BMW Z4 ROADSTER 35i/35is - E89 - 04/2009+,https://www.gravityperformance.co.uk/wp-content/uploads/2022/10/Grav_Spring.jpg,https://www.gravityperformance.co.uk/lowering-springs/bmw-z4-roadster-35i-35is-e89-lowering-springs-front-30mm-rear-25mm/
BMW 3 Series Coupe 325I | 330I | 320D E92 – Lowering Springs – Front 35mm – Rear 25mm,Lowering Springs,199.99,BMW 3 COUPE 325i/330i/320D - E90/E92 - 06/2006 to 10/2013,https://www.gravityperformance.co.uk/wp-content/uploads/2022/10/Grav_Spring.jpg,https://www.gravityperformance.co.uk/lowering-springs/bmw-3-series-coupe-325i-330i-320d-e92-lowering-springs-front-35mm-rear-25mm/
Audi A4 Cabrio 1.8T | 2.0 TFSI | 2.4 | 3.0 | 2.0 TDI – Lowering Springs – Front 25mm – Rear 20mm,Lowering Springs,219.99,Audi A4 Cabrio 1.8T/2.0TFSI/2.4/3.0/2.0TDI - 05/2002 to 2008,https://www.gravityperformance.co.uk/wp-content/uploads/2022/10/Grav_Spring.jpg,https://www.gravityperformance.co.uk/lowering-springs/audi-a4-cabrio-1-8t-2-0tfsi-2-4-3-0-2-0tdi-lowering-springs-front-25mm-rear-20mm/
Audi A3 1.8 | 1.8T | 1.9 TDI 90 | 100 | 110 | 130 Manual 8L – 30mm Lowering Springs,Lowering Springs,199.99,Audi A3 1.8/1.8T/1.9TDI 90/100/110/130 manual - 8L - 08/1996 to 06/2003,https://www.gravityperformance.co.uk/wp-content/uploads/2022/10/Grav_Spring.jpg,https://www.gravityperformance.co.uk/lowering-springs/audi-a3-1-8-1-8t-1-9tdi-90-100-110-130-no-aut-8l-lowering-springs-front-30mm-rear-30mm/
Audi A1 Hatchback 1.4TFSI (122PK | 140PK) Manual 8X – 30mm Lowering Springs,Lowering Springs,159.99,Audi A1 Hatchback 1.4TFSI (122pk/140pk) Manual Gear - 8X - 05/2010+,https://www.gravityperformance.co.uk/wp-content/uploads/2022/10/Grav_Spring.jpg,https://www.gravityperformance.co.uk/lowering-springs/audi-a1-hatchback-1-4tfsi-122pk-140pk-manual-gear-8x-lowering-springs-front-30mm-rear-30mm/
Audi A1 Hatchback 1.2Tfsi 8X – 20mm Lowering Springs,Lowering Springs,159.99,Audi A1 Hatchback 1.2TFSI - 8X - 05/2010+,https://www.gravityperformance.co.uk/wp-content/uploads/2022/10/Grav_Spring.jpg,https://www.gravityperformance.co.uk/lowering-springs/audi-a1-hatchback-1-2tfsi-8x-lowering-springs-front-20mm-rear-20mm/
Audi S4 + A4 2.7T S4 | B5 – Lowering Springs – Front 25mm – Rear 15mm,Lowering Springs,199.99,Audi S4 + A4 2.7TT - S4 / B5 - 05/1998+,https://www.gravityperformance.co.uk/wp-content/uploads/2022/10/Grav_Spring.jpg,https://www.gravityperformance.co.uk/lowering-springs/audi-s4-a4-2-7tt-s4-b5-lowering-springs-front-25mm-rear-15mm/
Audi A1 Hatchback 1.6 TDI 8X – 35mm Lowering Springs,Lowering Springs,159.99,Audi A1 Hatchback 1.6TDI - 8X - 05/2010+,https://www.gravityperformance.co.uk/wp-content/uploads/2022/10/Grav_Spring.jpg,https://www.gravityperformance.co.uk/lowering-springs/audi-a1-hatchback-1-6tdi-8x-lowering-springs-front-35mm-rear-35mm/
Audi A2 1.6 FSI | 1.4 TDI – 25mm Lowering Springs,Lowering Springs,169.99,Audi A2 1.6FSI/1.4TDI - 06/2000 to 08/2005,https://www.gravityperformance.co.uk/wp-content/uploads/2022/10/Grav_Spring.jpg,https://www.gravityperformance.co.uk/lowering-springs/audi-a2-1-6fsi-1-4tdi-lowering-springs-front-25mm-rear-25mm/
Audi A4 Sedan Quattro 3.0TDI B8 – Lowering Springs – Front 30mm – Rear 25mm,Lowering Springs,219.99,Audi A4 Sedan Quattro 3.0TDI - B8 - 09/2009+,https://www.gravityperformance.co.uk/wp-content/uploads/2022/10/Grav_Spring.jpg,https://www.gravityperformance.co.uk/lowering-springs/audi-a4-sedan-quattro-3-0tdi-b8-lowering-springs-front-30mm-rear-25mm/
Audi A3 2.0 TFSI | 2.0 TDI 8P – 30mm Lowering Springs,Lowering Springs,179.99,Audi A3 2.0TFSI/2.0TDI - 8P - 2003 to 09/2012,https://www.gravityperformance.co.uk/wp-content/uploads/2022/10/Grav_Spring.jpg,https://www.gravityperformance.co.uk/lowering-springs/audi-a3-2-0tfsi-2-0tdi-8p-lowering-springs-front-30mm-rear-30mm/
Audi A5 Coupe 1.8Tfsi | 2.0Tfsi | 2.0TDI | 3.2Fsi B8 – Lowering Springs – Front 25mm – Rear 20mm,Lowering Springs,209.99,Audi A5 Coupe 1.8TFSI/2.0TFSI/2.0TDI/3.2FSI - B8 - 05/2007+,https://www.gravityperformance.co.uk/wp-content/uploads/2022/10/Grav_Spring.jpg,https://www.gravityperformance.co.uk/lowering-springs/audi-a5-coupe-1-8tfsi-2-0tfsi-2-0tdi-3-2fsi-b8-lowering-springs-front-25mm-rear-20mm/
Audi A3 1.4Tfsi | 1.8Tfsi | 2.0Fsi | 1.6TDI | 1.9TDI Sportback 8P – 30mm Lowering Springs,Lowering Springs,179.99,Audi A3 1.4TFSI/1.8TFSI/2.0FSI/1.6TDI/1.9TDI Sportback - 8P - 2004 to 09/2012,https://www.gravityperformance.co.uk/wp-content/uploads/2022/10/Grav_Spring.jpg,https://www.gravityperformance.co.uk/lowering-springs/audi-a3-1-4tfsi-1-8tfsi-2-0fsi-1-6tdi-1-9tdi-sportback-8p-lowering-springs-front-30mm-rear-30mm/
Audi A6 Sedan Quattro 2.6 | 2.8 + S4 | S6 C4 – 35mm Lowering Springs,Lowering Springs,179.99,Audi A6 Sedan Quattro 2.6/2.8 + S4/S6 - C4 - 1994 to 10/1997,"https://www.gravityperformance.co.uk/wp-content/uploads/2022/10/Grav_Spring.jpg, https://www.gravityperformance.co.uk/wp-content/uploads/2022/10/products-springs_rear_front.jpg",https://www.gravityperformance.co.uk/lowering-springs/audi-a6-sedan-quattro-2-6-2-8-s4-s6-c4q-lowering-springs-front-35mm-rear-35mm/
Audi A3 2.0 TFSI | 2.0 TDI Sportback 8P – 30mm Lowering Springs,Lowering Springs,179.99,Audi A3 2.0TFSI/2.0TDI SPORTBACK - 8P - 2004 to 09/2012,https://www.gravityperformance.co.uk/wp-content/uploads/2022/10/Grav_Spring.jpg,https://www.gravityperformance.co.uk/lowering-springs/audi-a3-2-0tfsi-2-0tdi-sportback-8p-lowering-springs-front-30mm-rear-30mm/
Audi A3 2.0 TFSI | 2.0 TDI Sportback With Sportsuspension + S-Line 8P – 25mm Lowering Springs,Lowering Springs,179.99,Audi A3 2.0TFSI/2.0TDI Sportback with sportsuspension + s-line - 8P - 2004 to 01/2013,https://www.gravityperformance.co.uk/wp-content/uploads/2022/10/Grav_Spring.jpg,https://www.gravityperformance.co.uk/lowering-springs/audi-a3-2-0tfsi-2-0tdi-sportback-with-sportsuspension-s-line-8p-lowering-springs-front-25mm-rear-25mm/
Audi Q5 Quattro 3.0 TFSI | 3.0 TDI – 35mm Lowering Springs,Lowering Springs,229.99,Audi Q5 Quattro 3.0TFSI/3.0TDI - 11/2008+,https://www.gravityperformance.co.uk/wp-content/uploads/2022/10/Grav_Spring.jpg,https://www.gravityperformance.co.uk/lowering-springs/audi-q5-quattro-3-0tfsi-3-0tdi-lowering-springs-front-35mm-rear-35mm/
Audi A6 Quattro 4.2 | 2.7 TDI | 3.0 TDI 4F – 30mm Lowering Springs,Lowering Springs,239.99,Audi A6 Quattro 4.2/2.7TDI/3.0TDI - 4F - 2004 to 03/2011,https://www.gravityperformance.co.uk/wp-content/uploads/2022/10/Grav_Spring.jpg,https://www.gravityperformance.co.uk/lowering-springs/audi-a6-quattro-4-2-2-7tdi-3-0tdi-4f-lowering-springs-front-30mm-rear-30mm/
Alfa Brera 1.8TBI | 2.2JTS 939 – Lowering Springs – Front 35mm Rear 25mm,Lowering Springs,209.99,Alfa Brera 1.8TBI/2.2jTS - 939 - 2006 to 01/2011,https://www.gravityperformance.co.uk/wp-content/uploads/2022/10/Grav_Spring.jpg,https://www.gravityperformance.co.uk/lowering-springs/alfa-brera-1-8tbi-2-2jts-939-lowering-springs-front-35mm-rear-25mm/
Audi A5 Coupe Quattro 3.0 TDI | 3.0 TFSI | 4.2 FSI B8 – 30mm Lowering Springs,Lowering Springs,219.99,Audi A5 Coupe Quattro 3.0TDI/3.0TFSI/4.2FSI - B8 - 05/2007+,https://www.gravityperformance.co.uk/wp-content/uploads/2022/10/Grav_Spring.jpg,https://www.gravityperformance.co.uk/lowering-springs/audi-a5-coupe-quattro-3-0tdi-3-0tfsi-4-2fsi-b8-lowering-springs-front-30mm-rear-30mm/
Audi A8 6+8Cyl (Incl. Quattro) D2 – 30mm Lowering Springs,Lowering Springs,169.99,Audi A8 6+8CYL (INCL. Quattro) - D2 - 06/1994 to 09/2002,https://www.gravityperformance.co.uk/wp-content/uploads/2022/10/Grav_Spring.jpg,https://www.gravityperformance.co.uk/lowering-springs/audi-a8-6-8cyl-incl-quattro-d2-lowering-springs-front-30mm-rear-30mm/
Audi A3 1.4 TFSI | 1.8 TFSI | 2.0 FSI | 1.6 TDI | 1.9 TDI With Sportsuspension + S-Line 8P – 25mm Lowering Springs,Lowering Springs,169.99,Audi A3 1.4TFSI/1.8TFSI/2.0FSI/1.6TDI/1.9TDI with sportsuspension + s-line - 8P - 2003 to 09/2012,https://www.gravityperformance.co.uk/wp-content/uploads/2022/10/Grav_Spring.jpg,https://www.gravityperformance.co.uk/lowering-springs/audi-a3-1-4tfsi-1-8tfsi-2-0fsi-1-6tdi-1-9tdi-with-sportsuspension-s-line-8p-lowering-springs-front-25mm-rear-25mm/
Alfa 156 1.6 | 1.8 | 2.0 Twinspark | 1.9Jtd 4Cyl Sportwagon 932 – 40mm Lowering Springs,Lowering Springs,199.99,Alfa 156 1.6/1.8/2.0 TWINSPARK/1.9jTD 4CYL. SPORTWAGON - 932 - 10/1997 to 05/2006,"https://www.gravityperformance.co.uk/wp-content/uploads/2022/10/Grav_Spring.jpg, https://www.gravityperformance.co.uk/wp-content/uploads/2022/10/products-before_and_after_web_small_1.jpg, https://www.gravityperformance.co.uk/wp-content/uploads/2022/10/products-before_and_after_web_small_1-1.jpg",https://www.gravityperformance.co.uk/lowering-springs/alfa-156-1-6-1-8-2-0-twinspark-1-9jtd-4cyl-sportwagon-932-lowering-springs-front-40mm-rear-40mm/
Alfa Brera 3.2JTS V6 | 2.0JTDM | 2.4JTDM 939 – Lowering Springs – Front 35mm – Rear 25mm,Lowering Springs,209.99,Fitment ALFA BRERA 3.2jTS V6/2.0jTDM/2.4jTDM - 939 - 2006 to 01/2011,"https://www.gravityperformance.co.uk/wp-content/uploads/2022/10/Grav_Spring.jpg, https://www.gravityperformance.co.uk/wp-content/uploads/2022/10/products-httpsi.ebayimg.comimagesgvboaaoswozpa30z4s-l1600-1.jpg",https://www.gravityperformance.co.uk/lowering-springs/alfa-brera-3-2jts-v6-2-0jtdm-2-4jtdm-939-lowering-springs-front-35mm-rear-25mm/
Alfa Giulietta 1.4Turbo | 1.4Turbo Multiair 940 – 30mm Lowering Springs,Lowering Springs,169.99,Alfa Giulietta 1.4 Turbo/1.4 Turbo Multiair - 940 - 06/2010+,https://www.gravityperformance.co.uk/wp-content/uploads/2022/10/Grav_Spring.jpg,https://www.gravityperformance.co.uk/lowering-springs/alfa-giulietta-1-4turbo-1-4turbo-multiair-940-lowering-springs-front-30mm-rear-30mm/
Audi A3 Quattro 2.0 TFSI | 2.0 TDI – 25mm Lowering Springs,Lowering Springs,169.99,Audi A3 Quattro 2.0TFSI/2.0TDI - 2003 to 09/2012,https://www.gravityperformance.co.uk/wp-content/uploads/2022/10/Grav_Spring.jpg,https://www.gravityperformance.co.uk/lowering-springs/audi-a3-quattro-2-0tfsi-2-0tdi-lowering-springs-front-25mm-rear-25mm/
Alfa 159 Sportwagon 1.9JTS | 2.2JTS | 1.9JTDM | 2.0JTDM | 1.8MPI | 1.8TBI 939 – Lowering Springs – Front 25mm Rear 20mm,Lowering Springs,199.99,Alfa 159 SPORTWAGON 1.9jTS/2.2jTS/1.9jTDM/2.0jTDM/1.8MPI/1.8TBI - 939 - 2006 to 01/2013,https://www.gravityperformance.co.uk/wp-content/uploads/2022/10/Grav_Spring.jpg,https://www.gravityperformance.co.uk/lowering-springs/alfa-159-sportwagon-1-9jts-2-2jts-1-9jtdm-2-0jtdm-1-8mpi-1-8tbi-939-lowering-springs-front-25mm-rear-20mm/
Alfa 147 1.6 | 2.0 | 1.9Jtd 937 – Lowering Springs – Front 45mm Rear 40mm,Lowering Springs,199.99,Alfa 147 1.6/2.0/1.9jTD - 937 - 11/2000 to 06/2010,https://www.gravityperformance.co.uk/wp-content/uploads/2022/10/Grav_Spring.jpg,https://www.gravityperformance.co.uk/lowering-springs/alfa-147-1-6-2-0-1-9jtd-937-lowering-springs-front-45mm-rear-40mm/
Alfa 159 2.4JTDM 939 – Lowering Springs – Front 25mm Rear 20mm,Lowering Springs,199.99,Alfa 159 2.4jTDM - 939 - 2005 to 10/2012,https://www.gravityperformance.co.uk/wp-content/uploads/2022/10/Grav_Spring.jpg,https://www.gravityperformance.co.uk/lowering-springs/alfa-159-2-4jtdm-939-lowering-springs-front-25mm-rear-20mm/
Alfa 159 2.4JTDM 939 – Lowering Springs – Front 35mm Rear 30mm,Lowering Springs,169.99,Alfa 159 2.4jTDM - 939 - 2005 to 10/2012,https://www.gravityperformance.co.uk/wp-content/uploads/2022/10/Grav_Spring.jpg,https://www.gravityperformance.co.uk/lowering-springs/alfa-159-2-4jtdm-939-lowering-springs-front-35mm-rear-30mm/
Alfa 159 3.2JTS V6 Q4 939 – 25mm Lowering Springs,Lowering Springs,199.99,Alfa 159 3.2jTS V6 Q4 - 939 - 2005 to 10/2012,https://www.gravityperformance.co.uk/wp-content/uploads/2022/10/Grav_Spring.jpg,https://www.gravityperformance.co.uk/lowering-springs/alfa-159-3-2jts-v6-q4-939-lowering-springs-front-25mm-rear-25mm/
Audi TT Quattro Coupe + Roadster 1.8T 8N – 25mm Lowering Springs,Lowering Springs,149.99,Audi TT Quattro Coupe + Roadster 1.8T - 8N - 10/1998 to 06/2006,https://www.gravityperformance.co.uk/wp-content/uploads/2022/10/Grav_Spring.jpg,https://www.gravityperformance.co.uk/lowering-springs/audi-tt-quattro-coupe-roadster-1-8t-8n-lowering-springs-front-25mm-rear-25mm/
Alfa 159 Sportwagon 2.4JTDM 939 – Lowering Springs – Front 25mm Rear 20mm,Lowering Springs,199.99,Alfa 159 SPORTWAGON 2.4jTDM - 939 - 2006 to 01/2013,"https://www.gravityperformance.co.uk/wp-content/uploads/2022/10/Grav_Spring.jpg, https://www.gravityperformance.co.uk/wp-content/uploads/2022/10/products-httpsi.ebayimg.comimagesgvboaaoswozpa30z4s-l1600-1.jpg",https://www.gravityperformance.co.uk/lowering-springs/alfa-159-sportwagon-2-4jtdm-939-lowering-springs-front-25mm-rear-20mm/
Alfa 155 Q4  – 50mm Lowering Springs,Lowering Springs,209.99,Alfa 155 Q4 - 03/1992 to 10/1997,https://www.gravityperformance.co.uk/wp-content/uploads/2022/10/Grav_Spring.jpg,https://www.gravityperformance.co.uk/lowering-springs/alfa-155-q4-q4-lowering-springs-front-50mm-rear-50mm/
